-- MySQL dump 10.13  Distrib 5.6.28, for debian-linux-gnu (x86_64)
--
-- Host: 127.0.0.1    Database: techno_online
-- ------------------------------------------------------
-- Server version	5.6.28-0ubuntu0.15.10.1

/*!40101 SET @OLD_CHARACTER_SET_CLIENT=@@CHARACTER_SET_CLIENT */;
/*!40101 SET @OLD_CHARACTER_SET_RESULTS=@@CHARACTER_SET_RESULTS */;
/*!40101 SET @OLD_COLLATION_CONNECTION=@@COLLATION_CONNECTION */;
/*!40101 SET NAMES utf8 */;
/*!40103 SET @OLD_TIME_ZONE=@@TIME_ZONE */;
/*!40103 SET TIME_ZONE='+00:00' */;
/*!40014 SET @OLD_UNIQUE_CHECKS=@@UNIQUE_CHECKS, UNIQUE_CHECKS=0 */;
/*!40014 SET @OLD_FOREIGN_KEY_CHECKS=@@FOREIGN_KEY_CHECKS, FOREIGN_KEY_CHECKS=0 */;
/*!40101 SET @OLD_SQL_MODE=@@SQL_MODE, SQL_MODE='NO_AUTO_VALUE_ON_ZERO' */;
/*!40111 SET @OLD_SQL_NOTES=@@SQL_NOTES, SQL_NOTES=0 */;

--
-- Table structure for table `commons`
--

DROP TABLE IF EXISTS `commons`;
/*!40101 SET @saved_cs_client     = @@character_set_client */;
/*!40101 SET character_set_client = utf8 */;
CREATE TABLE `commons` (
  `id` int(11) NOT NULL AUTO_INCREMENT,
  `category` enum('god','investor','farmer') NOT NULL,
  `sysLE` int(11) NOT NULL,
  `upperTHR` int(11) NOT NULL,
  `lowerTHR` int(11) NOT NULL,
  `prev_time` int(11) NOT NULL,
  `created_at` timestamp NULL DEFAULT CURRENT_TIMESTAMP,
  `updated_at` timestamp NULL DEFAULT CURRENT_TIMESTAMP,
  PRIMARY KEY (`id`)
) ENGINE=InnoDB AUTO_INCREMENT=4 DEFAULT CHARSET=latin1;
/*!40101 SET character_set_client = @saved_cs_client */;

--
-- Dumping data for table `commons`
--

LOCK TABLES `commons` WRITE;
/*!40000 ALTER TABLE `commons` DISABLE KEYS */;
INSERT INTO `commons` VALUES (1,'god',12061694,1085552,60308,1497416067,'2016-10-11 03:15:05','2017-06-14 04:54:27'),(2,'investor',12061493,60307,6031,1497416067,'2016-10-11 03:15:05','2017-06-14 04:54:27'),(3,'farmer',12822046,6411,641,1497373783,'2016-10-11 03:15:05','2017-06-13 17:09:43');
/*!40000 ALTER TABLE `commons` ENABLE KEYS */;
UNLOCK TABLES;

--
-- Table structure for table `farmers`
--

DROP TABLE IF EXISTS `farmers`;
/*!40101 SET @saved_cs_client     = @@character_set_client */;
/*!40101 SET character_set_client = utf8 */;
CREATE TABLE `farmers` (
  `id` int(11) NOT NULL AUTO_INCREMENT,
  `user_id` int(11) NOT NULL,
  `created_at` timestamp NOT NULL DEFAULT CURRENT_TIMESTAMP ON UPDATE CURRENT_TIMESTAMP,
  `updated_at` timestamp NOT NULL DEFAULT '0000-00-00 00:00:00',
  `decay` float NOT NULL DEFAULT '2',
  PRIMARY KEY (`id`),
  UNIQUE KEY `user_id_UNIQUE` (`user_id`)
) ENGINE=InnoDB AUTO_INCREMENT=167 DEFAULT CHARSET=latin1;
/*!40101 SET character_set_client = @saved_cs_client */;

--
-- Dumping data for table `farmers`
--

LOCK TABLES `farmers` WRITE;
/*!40000 ALTER TABLE `farmers` DISABLE KEYS */;
INSERT INTO `farmers` VALUES (137,32,'2017-06-10 06:39:59','2017-06-10 06:39:59',2),(138,33,'2017-06-10 06:39:59','2017-06-10 06:39:59',2),(139,34,'2017-06-10 06:39:59','2017-06-10 06:39:59',2),(140,35,'2017-06-10 06:39:59','2017-06-10 06:39:59',2),(141,36,'2017-06-10 06:39:59','2017-06-10 06:39:59',2),(142,37,'2017-06-10 06:39:59','2017-06-10 06:39:59',2),(143,38,'2017-06-10 06:39:59','2017-06-10 06:39:59',2),(144,39,'2017-06-10 06:40:00','2017-06-10 06:40:00',2),(145,40,'2017-06-10 06:40:00','2017-06-10 06:40:00',2),(146,41,'2017-06-10 06:40:00','2017-06-10 06:40:00',2),(147,42,'2017-06-12 18:15:53','2017-06-12 18:15:53',97),(148,43,'2017-06-10 06:40:00','2017-06-10 06:40:00',2),(149,44,'2017-06-10 06:40:00','2017-06-10 06:40:00',2),(150,45,'2017-06-10 06:40:00','2017-06-10 06:40:00',2),(151,46,'2017-06-10 06:40:00','2017-06-10 06:40:00',2),(152,47,'2017-06-10 06:40:00','2017-06-10 06:40:00',2),(153,48,'2017-06-10 06:40:00','2017-06-10 06:40:00',2),(154,49,'2017-06-10 06:40:00','2017-06-10 06:40:00',2),(155,50,'2017-06-10 06:40:00','2017-06-10 06:40:00',2),(156,51,'2017-06-10 06:40:00','2017-06-10 06:40:00',2),(157,52,'2017-06-10 06:40:01','2017-06-10 06:40:01',2),(158,53,'2017-06-10 06:40:01','2017-06-10 06:40:01',2),(159,54,'2017-06-10 06:40:01','2017-06-10 06:40:01',2),(160,55,'2017-06-10 06:40:01','2017-06-10 06:40:01',2),(161,56,'2017-06-10 06:40:01','2017-06-10 06:40:01',2),(162,57,'2017-06-13 17:09:43','2017-06-13 17:09:43',0),(163,58,'2017-06-10 06:40:01','2017-06-10 06:40:01',2),(164,59,'2017-06-10 06:40:01','2017-06-10 06:40:01',2),(165,60,'2017-06-10 06:40:01','2017-06-10 06:40:01',2),(166,61,'2017-06-10 06:40:01','2017-06-10 06:40:01',2);
/*!40000 ALTER TABLE `farmers` ENABLE KEYS */;
UNLOCK TABLES;

--
-- Table structure for table `fertilizers`
--

DROP TABLE IF EXISTS `fertilizers`;
/*!40101 SET @saved_cs_client     = @@character_set_client */;
/*!40101 SET character_set_client = utf8 */;
CREATE TABLE `fertilizers` (
  `id` int(11) NOT NULL AUTO_INCREMENT,
  `product_id` int(11) DEFAULT NULL,
  `created_at` timestamp NOT NULL DEFAULT CURRENT_TIMESTAMP ON UPDATE CURRENT_TIMESTAMP,
  `updated_at` timestamp NOT NULL DEFAULT '0000-00-00 00:00:00',
  `quality_factor` float(3,3) NOT NULL,
  PRIMARY KEY (`id`)
) ENGINE=InnoDB AUTO_INCREMENT=42 DEFAULT CHARSET=latin1;
/*!40101 SET character_set_client = @saved_cs_client */;

--
-- Dumping data for table `fertilizers`
--

LOCK TABLES `fertilizers` WRITE;
/*!40000 ALTER TABLE `fertilizers` DISABLE KEYS */;
INSERT INTO `fertilizers` VALUES (1,3,'2016-08-31 23:08:35','2016-08-31 23:08:35',0.000),(2,4,'2016-08-31 23:08:36','2016-08-31 23:08:36',0.000),(3,8,'2016-08-31 23:08:36','2016-08-31 23:08:36',0.000),(4,9,'2016-08-31 23:08:36','2016-08-31 23:08:36',0.000),(5,11,'2016-08-31 23:08:36','2016-08-31 23:08:36',0.000),(6,17,'2016-08-31 23:08:36','2016-08-31 23:08:36',0.000),(7,18,'2016-08-31 23:08:36','2016-08-31 23:08:36',0.000),(8,21,'2016-08-31 23:08:36','2016-08-31 23:08:36',0.000),(9,24,'2016-08-31 23:08:36','2016-08-31 23:08:36',0.000),(10,25,'2016-08-31 23:08:36','2016-08-31 23:08:36',0.000),(11,26,'2016-08-31 23:08:36','2016-08-31 23:08:36',0.000),(12,34,'2016-08-31 23:08:36','2016-08-31 23:08:36',0.000),(13,37,'2016-08-31 23:08:36','2016-08-31 23:08:36',0.000),(14,38,'2016-08-31 23:08:36','2016-08-31 23:08:36',0.000),(15,40,'2016-08-31 23:08:36','2016-08-31 23:08:36',0.000),(16,42,'2016-08-31 23:08:36','2016-08-31 23:08:36',0.000),(17,45,'2016-08-31 23:08:36','2016-08-31 23:08:36',0.000),(18,48,'2016-08-31 23:08:36','2016-08-31 23:08:36',0.000),(19,49,'2016-08-31 23:08:36','2016-08-31 23:08:36',0.000),(20,51,'2016-08-31 23:08:36','2016-08-31 23:08:36',0.000),(21,55,'2016-08-31 23:08:36','2016-08-31 23:08:36',0.000),(22,56,'2016-08-31 23:08:36','2016-08-31 23:08:36',0.000),(23,58,'2016-08-31 23:08:36','2016-08-31 23:08:36',0.000),(24,62,'2016-08-31 23:08:36','2016-08-31 23:08:36',0.000),(25,64,'2016-08-31 23:08:37','2016-08-31 23:08:37',0.000),(26,65,'2016-08-31 23:08:37','2016-08-31 23:08:37',0.000),(27,66,'2016-08-31 23:08:37','2016-08-31 23:08:37',0.000),(28,69,'2016-08-31 23:08:37','2016-08-31 23:08:37',0.000),(29,71,'2016-08-31 23:08:37','2016-08-31 23:08:37',0.000),(30,73,'2016-08-31 23:08:37','2016-08-31 23:08:37',0.000),(31,79,'2016-08-31 23:08:37','2016-08-31 23:08:37',0.000),(32,80,'2016-08-31 23:08:37','2016-08-31 23:08:37',0.000),(33,81,'2016-08-31 23:08:37','2016-08-31 23:08:37',0.000),(34,82,'2016-08-31 23:08:37','2016-08-31 23:08:37',0.000),(35,87,'2016-08-31 23:08:37','2016-08-31 23:08:37',0.000),(36,90,'2016-08-31 23:08:37','2016-08-31 23:08:37',0.000),(37,95,'2016-08-31 23:08:37','2016-08-31 23:08:37',0.000),(38,97,'2016-08-31 23:08:37','2016-08-31 23:08:37',0.000),(39,99,'2016-08-31 23:08:38','2016-08-31 23:08:38',0.000),(40,129,'2016-09-09 18:43:40','2016-09-09 18:43:40',0.000),(41,144,'2016-09-27 09:42:21','2016-09-27 09:42:21',0.000);
/*!40000 ALTER TABLE `fertilizers` ENABLE KEYS */;
UNLOCK TABLES;

--
-- Table structure for table `fruitbills`
--

DROP TABLE IF EXISTS `fruitbills`;
/*!40101 SET @saved_cs_client     = @@character_set_client */;
/*!40101 SET character_set_client = utf8 */;
CREATE TABLE `fruitbills` (
  `id` int(11) NOT NULL AUTO_INCREMENT,
  `fruit_id` int(11) DEFAULT NULL,
  `buy_price` int(11) NOT NULL,
  `num_units` int(11) NOT NULL,
  `avl_units` int(11) NOT NULL,
  `created_at` timestamp NOT NULL DEFAULT CURRENT_TIMESTAMP ON UPDATE CURRENT_TIMESTAMP,
  `updated_at` timestamp NOT NULL DEFAULT '0000-00-00 00:00:00',
  `investor_id` int(11) DEFAULT NULL,
  PRIMARY KEY (`id`)
) ENGINE=InnoDB AUTO_INCREMENT=159 DEFAULT CHARSET=latin1;
/*!40101 SET character_set_client = @saved_cs_client */;

--
-- Dumping data for table `fruitbills`
--

LOCK TABLES `fruitbills` WRITE;
/*!40000 ALTER TABLE `fruitbills` DISABLE KEYS */;
INSERT INTO `fruitbills` VALUES (1,1,1234,12,12,'2016-10-08 06:33:43','0000-00-00 00:00:00',1),(147,2,4,10,10,'2016-10-08 08:04:45','2016-10-08 08:04:45',6),(150,10,2095,7,7,'2016-10-11 12:39:26','2016-10-08 17:41:32',2),(152,10,423,2,2,'2016-10-11 10:41:24','2016-10-11 10:41:24',6),(153,9,179,6,6,'2016-10-11 10:41:34','2016-10-11 10:41:34',6),(154,5,25,10,10,'2016-10-11 12:40:48','2016-10-11 12:40:48',6),(155,10,254,6,6,'2016-10-11 12:46:01','2016-10-11 12:46:01',6),(156,6,2,6,6,'2016-10-11 12:55:51','2016-10-11 12:55:51',6),(157,10,334,10,10,'2016-10-14 21:22:56','2016-10-14 21:22:56',2),(158,9,215,1,1,'2016-10-14 21:23:22','2016-10-14 21:23:22',2);
/*!40000 ALTER TABLE `fruitbills` ENABLE KEYS */;
UNLOCK TABLES;

--
-- Table structure for table `fruits`
--

DROP TABLE IF EXISTS `fruits`;
/*!40101 SET @saved_cs_client     = @@character_set_client */;
/*!40101 SET character_set_client = utf8 */;
CREATE TABLE `fruits` (
  `id` int(11) NOT NULL AUTO_INCREMENT,
  `created_at` timestamp NULL DEFAULT NULL,
  `launched` tinyint(4) DEFAULT NULL,
  `updated_at` timestamp NULL DEFAULT NULL,
  `num_units` int(11) NOT NULL DEFAULT '0',
  `avl_units` int(11) NOT NULL,
  `unit_price` int(11) DEFAULT NULL,
  `seed_id` int(11) DEFAULT NULL,
  `storage_le` int(11) NOT NULL DEFAULT '100',
  `launched_at` int(11) DEFAULT NULL,
  `sell_price` varchar(45) DEFAULT NULL,
  `quality_factor` int(11) NOT NULL DEFAULT '37',
  `name` varchar(45) DEFAULT NULL,
  `farmer_id` int(11) NOT NULL DEFAULT '1',
  `ET` int(11) DEFAULT NULL,
  `description` varchar(50) NOT NULL DEFAULT '',
  PRIMARY KEY (`id`)
) ENGINE=InnoDB AUTO_INCREMENT=21 DEFAULT CHARSET=latin1;
/*!40101 SET character_set_client = @saved_cs_client */;

--
-- Dumping data for table `fruits`
--

LOCK TABLES `fruits` WRITE;
/*!40000 ALTER TABLE `fruits` DISABLE KEYS */;
INSERT INTO `fruits` VALUES (2,'2016-09-04 01:00:43',1,'2017-06-12 18:15:53',15,10,NULL,4,100,1497291353,'120',37,NULL,1,5,''),(5,'2016-09-04 01:04:34',1,'2017-06-12 18:15:53',15,10,NULL,1,100,1497291353,'120',37,NULL,1,5,''),(6,'2016-10-07 18:53:32',1,'2017-06-12 18:15:53',15,10,NULL,4,100,1497291353,NULL,10,'myFruit',1,5,'description'),(7,'2016-10-07 19:13:59',1,'2017-06-12 18:15:53',15,10,115,4,1151,1497291353,'4832.1',17,'myFruit',1,18,'description'),(8,'2016-10-07 19:14:51',1,'2017-06-12 18:15:53',15,10,115,4,1151,1497291353,'287.625',17,'myFruit',1,18,'description'),(9,'2016-10-07 19:18:51',1,'2017-06-12 18:15:53',15,10,115,4,127,1497291353,'31.63875',17,'myFruit',1,18,'description'),(10,'2016-10-08 17:37:33',1,'2017-06-12 18:15:53',15,10,237,4,249,1497291353,'88.1133435',51,'myFruit',1,21,'description'),(11,'2016-10-12 08:17:17',0,'2017-06-12 18:15:53',15,10,NULL,1,100,1497291353,NULL,37,NULL,15,NULL,''),(12,'2016-10-12 08:17:17',0,'2017-06-12 18:15:53',15,10,NULL,3,100,1497291353,NULL,37,NULL,15,NULL,''),(13,'2016-10-12 08:17:17',0,'2017-06-12 18:15:53',15,10,NULL,4,100,1497291353,NULL,37,NULL,15,NULL,''),(14,'2016-10-12 08:17:17',0,'2017-06-12 18:15:53',15,10,NULL,5,100,1497291353,NULL,37,NULL,15,NULL,''),(15,'2016-10-12 08:17:18',0,'2017-06-12 18:15:53',15,10,NULL,6,100,1497291353,NULL,37,NULL,15,NULL,''),(16,'2016-10-12 08:18:18',0,'2017-06-12 18:15:53',15,10,NULL,1,100,1497291353,NULL,37,NULL,1,NULL,''),(17,'2016-10-12 08:18:18',0,'2017-06-12 18:15:53',15,10,NULL,3,100,1497291353,NULL,37,NULL,1,NULL,''),(18,'2016-10-12 08:18:18',0,'2017-06-12 18:15:53',15,10,NULL,4,100,1497291353,NULL,37,NULL,1,NULL,''),(19,'2016-10-12 08:18:18',0,'2017-06-12 18:15:53',15,10,NULL,5,100,1497291353,NULL,37,NULL,1,NULL,''),(20,'2016-10-12 08:18:18',0,'2017-06-12 18:15:53',15,10,NULL,6,100,1497291353,NULL,37,NULL,1,NULL,'');
/*!40000 ALTER TABLE `fruits` ENABLE KEYS */;
UNLOCK TABLES;

--
-- Table structure for table `gods`
--

DROP TABLE IF EXISTS `gods`;
/*!40101 SET @saved_cs_client     = @@character_set_client */;
/*!40101 SET character_set_client = utf8 */;
CREATE TABLE `gods` (
  `id` int(11) NOT NULL AUTO_INCREMENT,
  `user_id` int(11) NOT NULL,
  `created_at` timestamp NOT NULL DEFAULT CURRENT_TIMESTAMP ON UPDATE CURRENT_TIMESTAMP,
  `updated_at` timestamp NOT NULL DEFAULT '0000-00-00 00:00:00',
  `decay` int(11) NOT NULL DEFAULT '166',
  PRIMARY KEY (`id`)
) ENGINE=InnoDB AUTO_INCREMENT=31 DEFAULT CHARSET=latin1;
/*!40101 SET character_set_client = @saved_cs_client */;

--
-- Dumping data for table `gods`
--

LOCK TABLES `gods` WRITE;
/*!40000 ALTER TABLE `gods` DISABLE KEYS */;
INSERT INTO `gods` VALUES (1,32,'2016-09-09 18:53:02','2016-09-09 18:53:02',1069),(2,37,'2016-10-11 09:49:03','2016-09-04 02:56:38',166),(3,33,'2016-09-03 19:00:35','2016-09-03 11:24:57',10000),(4,34,'2017-06-14 04:54:27','2017-06-14 04:54:27',0),(5,35,'2017-06-10 20:26:38','2017-06-10 20:26:38',1953),(6,36,'2016-09-04 02:56:37','2016-09-04 02:56:37',155964),(7,46,'2016-09-04 02:51:08','2016-09-04 02:51:08',166),(8,38,'2017-06-10 06:41:25','2017-06-10 06:41:25',166),(9,39,'2017-06-10 06:41:25','2017-06-10 06:41:25',166),(10,40,'2017-06-10 06:41:25','2017-06-10 06:41:25',166),(11,41,'2017-06-10 06:41:25','2017-06-10 06:41:25',166),(12,42,'2017-06-10 06:41:26','2017-06-10 06:41:26',166),(13,43,'2017-06-10 06:41:26','2017-06-10 06:41:26',166),(14,44,'2017-06-10 06:41:26','2017-06-10 06:41:26',166),(15,45,'2017-06-10 06:41:26','2017-06-10 06:41:26',166),(16,47,'2017-06-10 06:41:26','2017-06-10 06:41:26',166),(17,48,'2017-06-10 06:41:26','2017-06-10 06:41:26',166),(18,49,'2017-06-10 06:41:26','2017-06-10 06:41:26',166),(19,50,'2017-06-10 06:41:26','2017-06-10 06:41:26',166),(20,51,'2017-06-10 06:41:26','2017-06-10 06:41:26',166),(21,52,'2017-06-10 06:41:27','2017-06-10 06:41:27',166),(22,53,'2017-06-10 06:41:27','2017-06-10 06:41:27',166),(23,54,'2017-06-10 06:41:27','2017-06-10 06:41:27',166),(24,55,'2017-06-10 06:41:27','2017-06-10 06:41:27',166),(25,56,'2017-06-10 06:41:27','2017-06-10 06:41:27',166),(26,57,'2017-06-10 06:41:27','2017-06-10 06:41:27',166),(27,58,'2017-06-10 06:41:27','2017-06-10 06:41:27',166),(28,59,'2017-06-10 06:41:27','2017-06-10 06:41:27',166),(29,60,'2017-06-10 06:41:28','2017-06-10 06:41:28',166),(30,61,'2017-06-10 06:41:28','2017-06-10 06:41:28',166);
/*!40000 ALTER TABLE `gods` ENABLE KEYS */;
UNLOCK TABLES;

--
-- Table structure for table `investments`
--

DROP TABLE IF EXISTS `investments`;
/*!40101 SET @saved_cs_client     = @@character_set_client */;
/*!40101 SET character_set_client = utf8 */;
CREATE TABLE `investments` (
  `id` int(11) NOT NULL AUTO_INCREMENT,
  `investor_id` int(11) NOT NULL,
  `product_id` int(11) NOT NULL,
  `bid_price` int(11) DEFAULT NULL,
  `created_at` timestamp NOT NULL DEFAULT CURRENT_TIMESTAMP ON UPDATE CURRENT_TIMESTAMP,
  `updated_at` timestamp NOT NULL DEFAULT '0000-00-00 00:00:00',
  `num_shares` int(11) DEFAULT '10',
  PRIMARY KEY (`id`)
) ENGINE=InnoDB AUTO_INCREMENT=237 DEFAULT CHARSET=latin1;
/*!40101 SET character_set_client = @saved_cs_client */;

--
-- Dumping data for table `investments`
--

LOCK TABLES `investments` WRITE;
/*!40000 ALTER TABLE `investments` DISABLE KEYS */;
INSERT INTO `investments` VALUES (1,1,63,276,'2016-09-02 20:34:51','2016-08-31 23:30:24',10),(2,1,71,388,'2016-09-02 20:34:51','2016-08-31 23:30:24',10),(3,1,8,254,'2016-09-02 20:34:51','2016-08-31 23:30:24',10),(4,1,42,500,'2016-09-02 20:34:51','2016-08-31 23:30:24',10),(5,1,46,322,'2016-09-02 20:34:51','2016-08-31 23:30:24',10),(6,1,41,210,'2016-09-02 20:34:51','2016-08-31 23:30:24',10),(7,1,46,281,'2016-09-02 20:34:51','2016-08-31 23:30:24',10),(8,1,63,379,'2016-09-02 20:34:51','2016-08-31 23:30:24',10),(9,1,44,340,'2016-09-02 20:34:51','2016-08-31 23:30:24',10),(10,1,75,305,'2016-09-02 20:34:51','2016-08-31 23:30:24',10),(11,1,88,475,'2016-09-02 20:34:51','2016-08-31 23:30:25',10),(12,1,63,113,'2016-09-02 20:34:51','2016-08-31 23:30:25',10),(13,1,23,390,'2016-09-02 20:34:51','2016-08-31 23:30:25',10),(14,1,37,427,'2016-09-02 20:34:51','2016-08-31 23:30:25',10),(15,1,7,144,'2016-09-02 20:34:51','2016-08-31 23:30:25',10),(16,1,56,340,'2016-09-02 20:34:51','2016-08-31 23:30:25',10),(17,1,32,376,'2016-09-02 20:34:51','2016-08-31 23:30:25',10),(18,1,8,202,'2016-09-02 20:34:51','2016-08-31 23:30:25',10),(19,1,26,257,'2016-09-02 20:34:51','2016-08-31 23:30:25',10),(20,1,95,297,'2016-09-02 20:34:51','2016-08-31 23:30:25',10),(21,1,77,383,'2016-09-02 20:34:51','2016-08-31 23:30:25',10),(22,2,16,240,'2016-09-02 20:34:51','2016-08-31 23:30:25',10),(23,2,5,191,'2016-09-02 20:34:51','2016-08-31 23:30:25',10),(24,2,83,416,'2016-09-02 20:34:51','2016-08-31 23:30:25',10),(25,2,31,293,'2016-09-02 20:34:51','2016-08-31 23:30:25',10),(26,2,42,328,'2016-09-02 20:34:51','2016-08-31 23:30:25',10),(27,2,61,172,'2016-09-02 20:34:51','2016-08-31 23:30:25',10),(28,2,91,115,'2016-09-02 20:34:51','2016-08-31 23:30:25',10),(29,2,86,431,'2016-09-02 20:34:51','2016-08-31 23:30:25',10),(30,2,94,209,'2016-09-02 20:34:51','2016-08-31 23:30:25',10),(31,2,88,468,'2016-09-02 20:34:51','2016-08-31 23:30:25',10),(32,2,61,297,'2016-09-02 20:34:51','2016-08-31 23:30:25',10),(33,2,75,176,'2016-09-02 20:34:51','2016-08-31 23:30:25',10),(34,2,59,374,'2016-09-02 20:34:51','2016-08-31 23:30:25',10),(35,2,18,101,'2016-09-02 20:34:51','2016-08-31 23:30:25',10),(36,2,72,312,'2016-09-02 20:34:51','2016-08-31 23:30:26',10),(37,2,89,479,'2016-09-02 20:34:51','2016-08-31 23:30:26',10),(38,2,18,449,'2016-09-02 20:34:51','2016-08-31 23:30:26',10),(39,2,67,471,'2016-09-02 20:34:51','2016-08-31 23:30:26',10),(40,2,41,100,'2016-09-02 20:34:51','2016-08-31 23:30:26',10),(41,2,58,485,'2016-09-02 20:34:51','2016-08-31 23:30:26',10),(42,2,15,432,'2016-09-02 20:34:51','2016-08-31 23:30:26',10),(43,3,87,170,'2016-09-02 20:34:51','2016-08-31 23:30:26',10),(44,3,1,119,'2016-09-02 20:34:51','2016-08-31 23:30:26',10),(45,3,33,390,'2016-09-02 20:34:51','2016-08-31 23:30:26',10),(46,3,65,477,'2016-09-02 20:34:51','2016-08-31 23:30:26',10),(47,3,44,177,'2016-09-02 20:34:51','2016-08-31 23:30:26',10),(48,3,39,201,'2016-09-02 20:34:51','2016-08-31 23:30:26',10),(49,3,94,172,'2016-09-02 20:34:51','2016-08-31 23:30:26',10),(50,3,19,487,'2016-09-02 20:34:51','2016-08-31 23:30:26',10),(51,3,50,146,'2016-09-02 20:34:51','2016-08-31 23:30:26',10),(52,3,7,459,'2016-09-02 20:34:51','2016-08-31 23:30:26',10),(53,3,77,250,'2016-09-02 20:34:51','2016-08-31 23:30:26',10),(54,3,31,194,'2016-09-02 20:34:51','2016-08-31 23:30:26',10),(55,3,24,270,'2016-09-02 20:34:51','2016-08-31 23:30:26',10),(56,3,39,386,'2016-09-02 20:34:51','2016-08-31 23:30:26',10),(57,3,55,425,'2016-09-02 20:34:51','2016-08-31 23:30:26',10),(58,3,99,312,'2016-09-02 20:34:51','2016-08-31 23:30:26',10),(59,3,59,264,'2016-09-02 20:34:51','2016-08-31 23:30:26',10),(60,3,14,496,'2016-09-02 20:34:51','2016-08-31 23:30:26',10),(61,3,93,462,'2016-09-02 20:34:51','2016-08-31 23:30:26',10),(62,3,10,412,'2016-09-02 20:34:51','2016-08-31 23:30:26',10),(63,3,4,245,'2016-09-02 20:34:51','2016-08-31 23:30:26',10),(64,4,55,292,'2016-09-02 20:34:51','2016-08-31 23:30:26',10),(65,4,45,489,'2016-09-02 20:34:51','2016-08-31 23:30:27',10),(66,4,9,391,'2016-09-02 20:34:51','2016-08-31 23:30:27',10),(67,4,63,477,'2016-09-02 20:34:51','2016-08-31 23:30:27',10),(68,4,32,160,'2016-09-02 20:34:51','2016-08-31 23:30:27',10),(69,4,39,255,'2016-09-02 20:34:51','2016-08-31 23:30:27',10),(70,4,82,349,'2016-09-02 20:34:51','2016-08-31 23:30:27',10),(71,4,34,350,'2016-09-02 20:34:51','2016-08-31 23:30:27',10),(72,4,44,181,'2016-09-02 20:34:51','2016-08-31 23:30:27',10),(73,4,74,451,'2016-09-02 20:34:51','2016-08-31 23:30:27',10),(74,4,29,269,'2016-09-02 20:34:51','2016-08-31 23:30:27',10),(75,4,42,226,'2016-09-02 20:34:51','2016-08-31 23:30:27',10),(76,4,22,269,'2016-09-02 20:34:51','2016-08-31 23:30:27',10),(77,4,21,236,'2016-09-02 20:34:51','2016-08-31 23:30:27',10),(78,4,71,226,'2016-09-02 20:34:51','2016-08-31 23:30:27',10),(79,4,80,193,'2016-09-02 20:34:51','2016-08-31 23:30:27',10),(80,4,21,199,'2016-09-02 20:34:51','2016-08-31 23:30:28',10),(81,4,98,195,'2016-09-02 20:34:51','2016-08-31 23:30:28',10),(82,4,18,217,'2016-09-02 20:34:51','2016-08-31 23:30:28',10),(83,4,45,339,'2016-09-02 20:34:51','2016-08-31 23:30:28',10),(84,4,99,299,'2016-09-02 20:34:51','2016-08-31 23:30:28',10),(85,5,12,432,'2016-09-02 20:34:51','2016-08-31 23:30:28',10),(86,5,46,421,'2016-09-02 20:34:51','2016-08-31 23:30:28',10),(87,5,1,281,'2016-09-02 20:34:51','2016-08-31 23:30:28',10),(88,5,33,457,'2016-09-02 20:34:51','2016-08-31 23:30:28',10),(89,5,32,396,'2016-09-02 20:34:51','2016-08-31 23:30:28',10),(90,5,6,347,'2016-09-02 20:34:51','2016-08-31 23:30:28',10),(91,5,4,390,'2016-09-02 20:34:51','2016-08-31 23:30:29',10),(92,5,7,209,'2016-09-02 20:34:51','2016-08-31 23:30:29',10),(93,5,59,196,'2016-09-02 20:34:51','2016-08-31 23:30:29',10),(94,5,48,408,'2016-09-02 20:34:51','2016-08-31 23:30:29',10),(95,5,2,252,'2016-09-02 20:34:51','2016-08-31 23:30:29',10),(96,5,62,372,'2016-09-02 20:34:51','2016-08-31 23:30:29',10),(97,5,98,497,'2016-09-02 20:34:51','2016-08-31 23:30:29',10),(98,5,59,420,'2016-09-02 20:34:51','2016-08-31 23:30:29',10),(99,5,30,267,'2016-09-02 20:34:51','2016-08-31 23:30:29',10),(100,5,25,330,'2016-09-02 20:34:51','2016-08-31 23:30:29',10),(101,5,38,266,'2016-09-02 20:34:51','2016-08-31 23:30:29',10),(102,5,87,381,'2016-09-02 20:34:51','2016-08-31 23:30:29',10),(103,5,60,252,'2016-09-02 20:34:51','2016-08-31 23:30:29',10),(104,5,12,178,'2016-09-02 20:34:51','2016-08-31 23:30:29',10),(105,5,82,463,'2016-09-02 20:34:51','2016-08-31 23:30:29',10),(106,6,64,169,'2016-09-02 20:34:51','2016-08-31 23:30:29',10),(107,6,45,441,'2016-09-02 20:34:51','2016-08-31 23:30:29',10),(108,6,10,378,'2016-09-02 20:34:51','2016-08-31 23:30:29',10),(109,6,47,9113,'2016-10-11 12:01:00','2016-08-31 23:30:29',10),(110,6,42,327,'2016-09-02 20:34:51','2016-08-31 23:30:29',10),(111,6,25,292,'2016-09-02 20:34:51','2016-08-31 23:30:30',10),(112,6,47,113,'2016-09-02 20:34:51','2016-08-31 23:30:30',10),(113,6,84,188,'2016-09-02 20:34:51','2016-08-31 23:30:30',10),(114,6,64,123,'2016-09-02 20:34:51','2016-08-31 23:30:30',10),(115,6,64,150,'2016-09-02 20:34:51','2016-08-31 23:30:30',10),(116,6,55,454,'2016-09-02 20:34:51','2016-08-31 23:30:30',10),(117,6,59,102,'2016-09-02 20:34:51','2016-08-31 23:30:30',10),(118,6,39,263,'2016-09-02 20:34:51','2016-08-31 23:30:30',10),(119,6,61,172,'2016-09-02 20:34:51','2016-08-31 23:30:30',10),(120,6,9,303,'2016-09-02 20:34:51','2016-08-31 23:30:30',10),(121,6,69,267,'2016-09-02 20:34:51','2016-08-31 23:30:30',10),(122,6,27,387,'2016-09-02 20:34:51','2016-08-31 23:30:30',10),(123,6,42,151,'2016-09-02 20:34:51','2016-08-31 23:30:30',10),(124,6,17,244,'2016-09-02 20:34:51','2016-08-31 23:30:30',10),(125,6,93,451,'2016-09-02 20:34:51','2016-08-31 23:30:30',10),(126,6,36,330,'2016-09-02 20:34:51','2016-08-31 23:30:30',10),(127,7,61,169,'2016-09-02 20:34:51','2016-08-31 23:30:30',10),(128,7,40,431,'2016-09-02 20:34:51','2016-08-31 23:30:30',10),(129,7,89,276,'2016-09-02 20:34:51','2016-08-31 23:30:30',10),(130,7,57,111,'2016-09-02 20:34:51','2016-08-31 23:30:30',10),(131,7,92,306,'2016-09-02 20:34:51','2016-08-31 23:30:30',10),(132,7,53,142,'2016-09-02 20:34:51','2016-08-31 23:30:30',10),(133,7,52,301,'2016-09-02 20:34:51','2016-08-31 23:30:30',10),(134,7,69,464,'2016-09-02 20:34:51','2016-08-31 23:30:30',10),(135,7,42,147,'2016-09-02 20:34:51','2016-08-31 23:30:30',10),(136,7,54,408,'2016-09-02 20:34:51','2016-08-31 23:30:30',10),(137,7,49,139,'2016-09-02 20:34:51','2016-08-31 23:30:30',10),(138,7,23,421,'2016-09-02 20:34:51','2016-08-31 23:30:30',10),(139,7,17,461,'2016-09-02 20:34:51','2016-08-31 23:30:31',10),(140,7,78,256,'2016-09-02 20:34:51','2016-08-31 23:30:31',10),(141,7,97,136,'2016-09-02 20:34:51','2016-08-31 23:30:31',10),(142,7,27,153,'2016-09-02 20:34:51','2016-08-31 23:30:31',10),(143,7,97,330,'2016-09-02 20:34:51','2016-08-31 23:30:31',10),(144,7,2,362,'2016-09-02 20:34:51','2016-08-31 23:30:31',10),(145,7,69,439,'2016-09-02 20:34:51','2016-08-31 23:30:31',10),(146,7,37,332,'2016-09-02 20:34:51','2016-08-31 23:30:31',10),(147,7,69,340,'2016-09-02 20:34:51','2016-08-31 23:30:31',10),(148,8,11,454,'2016-09-02 20:34:51','2016-08-31 23:30:31',10),(149,8,80,180,'2016-09-02 20:34:51','2016-08-31 23:30:31',10),(150,8,32,413,'2016-09-02 20:34:51','2016-08-31 23:30:31',10),(151,8,56,184,'2016-09-02 20:34:51','2016-08-31 23:30:32',10),(152,8,32,441,'2016-09-02 20:34:51','2016-08-31 23:30:32',10),(153,8,66,116,'2016-09-02 20:34:51','2016-08-31 23:30:32',10),(154,8,95,315,'2016-09-02 20:34:51','2016-08-31 23:30:32',10),(155,8,93,427,'2016-09-02 20:34:51','2016-08-31 23:30:32',10),(156,8,91,388,'2016-09-02 20:34:51','2016-08-31 23:30:32',10),(157,8,86,458,'2016-09-02 20:34:51','2016-08-31 23:30:32',10),(158,8,47,168,'2016-09-02 20:34:51','2016-08-31 23:30:32',10),(159,8,83,427,'2016-09-02 20:34:51','2016-08-31 23:30:32',10),(160,8,67,293,'2016-09-02 20:34:51','2016-08-31 23:30:32',10),(161,8,7,304,'2016-09-02 20:34:51','2016-08-31 23:30:33',10),(162,8,11,108,'2016-09-02 20:34:51','2016-08-31 23:30:33',10),(163,8,91,399,'2016-09-02 20:34:51','2016-08-31 23:30:33',10),(164,8,95,184,'2016-09-02 20:34:51','2016-08-31 23:30:33',10),(165,8,100,380,'2016-09-02 20:34:51','2016-08-31 23:30:33',10),(166,8,92,205,'2016-09-02 20:34:51','2016-08-31 23:30:33',10),(167,8,12,318,'2016-09-02 20:34:51','2016-08-31 23:30:33',10),(168,8,59,189,'2016-09-02 20:34:51','2016-08-31 23:30:33',10),(169,9,77,408,'2016-09-02 20:34:51','2016-08-31 23:30:33',10),(170,9,59,311,'2016-09-02 20:34:51','2016-08-31 23:30:33',10),(171,9,25,376,'2016-09-02 20:34:51','2016-08-31 23:30:33',10),(172,9,59,298,'2016-09-02 20:34:51','2016-08-31 23:30:33',10),(173,9,67,140,'2016-09-02 20:34:51','2016-08-31 23:30:33',10),(174,9,92,121,'2016-09-02 20:34:51','2016-08-31 23:30:33',10),(175,9,54,297,'2016-09-02 20:34:51','2016-08-31 23:30:33',10),(176,9,1,331,'2016-09-02 20:34:51','2016-08-31 23:30:33',10),(177,9,61,339,'2016-09-02 20:34:51','2016-08-31 23:30:33',10),(178,9,35,145,'2016-09-02 20:34:51','2016-08-31 23:30:33',10),(179,9,33,303,'2016-09-02 20:34:51','2016-08-31 23:30:33',10),(180,9,21,216,'2016-09-02 20:34:51','2016-08-31 23:30:33',10),(181,9,56,226,'2016-09-02 20:34:51','2016-08-31 23:30:33',10),(182,9,87,147,'2016-09-02 20:34:51','2016-08-31 23:30:34',10),(183,9,35,368,'2016-09-02 20:34:51','2016-08-31 23:30:34',10),(184,9,45,279,'2016-09-02 20:34:51','2016-08-31 23:30:34',10),(185,9,98,140,'2016-09-02 20:34:51','2016-08-31 23:30:34',10),(186,9,80,111,'2016-09-02 20:34:51','2016-08-31 23:30:34',10),(187,9,53,188,'2016-09-02 20:34:51','2016-08-31 23:30:34',10),(188,9,33,250,'2016-09-02 20:34:51','2016-08-31 23:30:34',10),(189,9,43,175,'2016-09-02 20:34:51','2016-08-31 23:30:34',10),(190,10,69,196,'2016-09-02 20:34:51','2016-08-31 23:30:34',10),(191,10,82,485,'2016-09-02 20:34:51','2016-08-31 23:30:34',10),(192,10,56,374,'2016-09-02 20:34:51','2016-08-31 23:30:34',10),(193,10,80,267,'2016-09-02 20:34:51','2016-08-31 23:30:34',10),(194,10,93,461,'2016-09-02 20:34:51','2016-08-31 23:30:34',10),(195,10,20,148,'2016-09-02 20:34:51','2016-08-31 23:30:34',10),(196,10,44,152,'2016-09-02 20:34:51','2016-08-31 23:30:34',10),(197,10,25,399,'2016-09-02 20:34:51','2016-08-31 23:30:34',10),(198,10,42,219,'2016-09-02 20:34:51','2016-08-31 23:30:34',10),(199,10,75,336,'2016-09-02 20:34:51','2016-08-31 23:30:34',10),(200,10,70,443,'2016-09-02 20:34:51','2016-08-31 23:30:35',10),(201,10,89,387,'2016-09-02 20:34:51','2016-08-31 23:30:35',10),(202,10,94,293,'2016-09-02 20:34:51','2016-08-31 23:30:35',10),(203,10,86,263,'2016-09-02 20:34:51','2016-08-31 23:30:35',10),(204,10,60,205,'2016-09-02 20:34:51','2016-08-31 23:30:35',10),(205,10,51,213,'2016-09-02 20:34:51','2016-08-31 23:30:35',10),(206,10,25,212,'2016-09-02 20:34:51','2016-08-31 23:30:35',10),(207,10,97,228,'2016-09-02 20:34:51','2016-08-31 23:30:35',10),(208,10,75,422,'2016-09-02 20:34:51','2016-08-31 23:30:35',10),(209,10,71,406,'2016-09-02 20:34:51','2016-08-31 23:30:35',10),(210,10,89,366,'2016-09-02 20:34:51','2016-08-31 23:30:35',10),(211,1,108,2000,'2016-09-03 09:01:38','2016-09-03 09:01:38',10),(212,1,108,2000,'2016-09-03 09:05:18','2016-09-03 09:05:18',10),(213,1,108,2000,'2016-09-03 09:32:19','2016-09-03 09:32:19',10),(214,1,108,2000,'2016-09-03 10:23:34','2016-09-03 10:23:34',10),(215,1,108,2000,'2016-09-03 10:49:57','2016-09-03 10:49:57',10),(216,1,110,2000,'2016-09-03 13:06:58','2016-09-03 13:06:58',7),(217,1,110,2000,'2016-09-03 17:19:00','2016-09-03 17:19:00',10),(218,1,110,2000,'2016-09-03 17:37:24','2016-09-03 17:37:24',10),(219,1,110,2000,'2016-09-03 19:50:52','2016-09-03 19:50:52',10),(220,2,110,1484,'2016-09-09 14:34:20','2016-09-09 14:34:20',10),(221,2,110,1511,'2016-09-09 14:34:34','2016-09-09 14:34:34',10),(222,2,110,1875,'2016-09-09 14:39:16','2016-09-09 14:39:16',10),(223,2,110,1559,'2016-09-09 14:39:49','2016-09-09 14:39:49',10),(224,3,140,1475,'2016-09-25 11:22:11','2016-09-25 11:22:11',10),(225,3,136,279,'2016-09-25 12:04:54','2016-09-25 12:04:54',10),(226,3,134,9691,'2016-09-25 13:18:56','2016-09-25 13:18:56',10),(227,6,127,507,'2016-10-01 18:27:04','2016-10-01 18:27:04',10),(228,6,141,2638,'2016-10-07 20:03:57','2016-10-07 20:03:57',10),(229,6,145,141,'2016-10-11 07:00:13','2016-10-11 07:00:13',10),(230,2,148,137,'2016-10-15 04:54:28','2016-10-15 04:54:28',24),(231,2,150,92,'2017-06-06 16:11:01','2017-06-06 16:11:01',10),(232,2,153,23,'2017-06-13 15:56:37','2017-06-13 15:56:37',10),(233,2,153,32,'2017-06-13 15:56:51','2017-06-13 15:56:51',40),(234,6,154,25,'2017-06-13 16:14:07','2017-06-13 16:14:07',17),(235,6,154,84,'2017-06-13 16:15:47','2017-06-13 16:15:47',17),(236,2,156,94,'2017-06-14 04:33:14','2017-06-14 04:33:14',10);
/*!40000 ALTER TABLE `investments` ENABLE KEYS */;
UNLOCK TABLES;

--
-- Table structure for table `investors`
--

DROP TABLE IF EXISTS `investors`;
/*!40101 SET @saved_cs_client     = @@character_set_client */;
/*!40101 SET character_set_client = utf8 */;
CREATE TABLE `investors` (
  `id` int(11) NOT NULL AUTO_INCREMENT,
  `user_id` int(11) NOT NULL,
  `created_at` timestamp NOT NULL DEFAULT CURRENT_TIMESTAMP ON UPDATE CURRENT_TIMESTAMP,
  `updated_at` timestamp NOT NULL DEFAULT '0000-00-00 00:00:00',
  `decay` float NOT NULL DEFAULT '2',
  PRIMARY KEY (`id`)
) ENGINE=InnoDB AUTO_INCREMENT=195 DEFAULT CHARSET=latin1;
/*!40101 SET character_set_client = @saved_cs_client */;

--
-- Dumping data for table `investors`
--

LOCK TABLES `investors` WRITE;
/*!40000 ALTER TABLE `investors` DISABLE KEYS */;
INSERT INTO `investors` VALUES (1,37,'2016-09-04 01:54:59','2016-09-04 01:54:59',12557),(2,38,'2017-06-14 04:54:27','2017-06-14 04:54:27',201.028),(3,39,'2016-09-04 03:47:59','2016-09-04 03:47:59',122),(4,35,'2017-06-10 21:36:15','2017-06-10 21:36:15',194),(5,41,'2016-09-03 11:24:57','2016-09-03 11:24:57',50),(6,42,'2017-06-13 17:39:01','2017-06-13 17:39:01',217.603),(7,43,'2016-09-03 08:51:16','2016-09-02 18:20:02',50),(8,44,'2016-09-03 08:51:16','2016-09-02 18:20:02',50),(9,45,'2016-09-04 02:01:39','2016-09-04 02:01:39',15613),(10,46,'2016-09-03 08:51:16','2016-09-02 18:20:02',50),(26,0,'2016-09-04 02:44:25','2016-09-04 02:44:25',50),(27,0,'2016-09-04 02:44:26','2016-09-04 02:44:26',50),(28,0,'2016-09-04 02:44:27','2016-09-04 02:44:27',50),(29,0,'2016-09-04 02:44:28','2016-09-04 02:44:28',50),(30,0,'2016-09-04 02:44:30','2016-09-04 02:44:30',50),(31,0,'2016-09-04 02:44:30','2016-09-04 02:44:30',50),(32,0,'2016-09-04 02:44:31','2016-09-04 02:44:31',50),(33,0,'2016-09-04 02:44:32','2016-09-04 02:44:32',50),(34,0,'2016-09-04 02:44:33','2016-09-04 02:44:33',50),(35,0,'2016-09-04 02:44:34','2016-09-04 02:44:34',50),(36,0,'2016-09-04 02:44:35','2016-09-04 02:44:35',50),(37,0,'2016-09-04 02:44:36','2016-09-04 02:44:36',50),(38,0,'2016-09-04 02:44:37','2016-09-04 02:44:37',50),(39,0,'2016-09-04 02:44:38','2016-09-04 02:44:38',50),(40,0,'2016-09-04 02:44:39','2016-09-04 02:44:39',50),(41,0,'2016-09-04 02:44:40','2016-09-04 02:44:40',50),(42,0,'2016-09-04 02:44:41','2016-09-04 02:44:41',50),(43,0,'2016-09-04 02:44:42','2016-09-04 02:44:42',50),(44,0,'2016-09-04 02:44:43','2016-09-04 02:44:43',50),(45,0,'2016-09-04 02:44:44','2016-09-04 02:44:44',50),(46,0,'2016-09-04 02:44:45','2016-09-04 02:44:45',50),(47,0,'2016-09-04 02:44:46','2016-09-04 02:44:46',50),(48,0,'2016-09-04 02:44:47','2016-09-04 02:44:47',50),(49,0,'2016-09-04 02:44:48','2016-09-04 02:44:48',50),(50,0,'2016-09-04 02:44:49','2016-09-04 02:44:49',50),(51,0,'2016-09-04 02:44:50','2016-09-04 02:44:50',50),(52,0,'2016-09-04 02:44:51','2016-09-04 02:44:51',50),(53,0,'2016-09-04 02:44:52','2016-09-04 02:44:52',50),(54,0,'2016-09-04 02:44:53','2016-09-04 02:44:53',50),(55,0,'2016-09-04 02:44:54','2016-09-04 02:44:54',50),(56,0,'2016-09-04 02:44:55','2016-09-04 02:44:55',50),(57,0,'2016-09-04 02:44:56','2016-09-04 02:44:56',50),(58,0,'2016-09-04 02:44:57','2016-09-04 02:44:57',50),(59,0,'2016-09-04 02:44:58','2016-09-04 02:44:58',50),(60,0,'2016-09-04 02:44:59','2016-09-04 02:44:59',50),(61,0,'2016-09-04 02:45:00','2016-09-04 02:45:00',50),(62,0,'2016-09-04 02:45:01','2016-09-04 02:45:01',50),(63,0,'2016-09-04 02:45:02','2016-09-04 02:45:02',50),(64,0,'2016-09-04 02:45:03','2016-09-04 02:45:03',50),(65,0,'2016-09-04 02:45:04','2016-09-04 02:45:04',50),(66,0,'2016-09-04 02:45:05','2016-09-04 02:45:05',50),(67,0,'2016-09-04 02:45:06','2016-09-04 02:45:06',50),(68,0,'2016-09-04 02:45:07','2016-09-04 02:45:07',50),(69,0,'2016-09-04 02:45:08','2016-09-04 02:45:08',50),(70,0,'2016-09-04 02:45:09','2016-09-04 02:45:09',50),(71,0,'2016-09-04 02:45:10','2016-09-04 02:45:10',50),(72,0,'2016-09-04 02:45:11','2016-09-04 02:45:11',50),(73,0,'2016-09-04 02:45:12','2016-09-04 02:45:12',50),(74,0,'2016-09-04 02:45:13','2016-09-04 02:45:13',50),(75,0,'2016-09-04 02:45:14','2016-09-04 02:45:14',50),(76,0,'2016-09-04 02:45:15','2016-09-04 02:45:15',50),(77,0,'2016-09-04 02:45:16','2016-09-04 02:45:16',50),(78,0,'2016-09-04 02:45:17','2016-09-04 02:45:17',50),(79,0,'2016-09-04 02:45:18','2016-09-04 02:45:18',50),(80,0,'2016-09-04 02:45:19','2016-09-04 02:45:19',50),(81,0,'2016-09-04 02:45:20','2016-09-04 02:45:20',50),(82,0,'2016-09-04 02:45:22','2016-09-04 02:45:22',50),(83,0,'2016-09-04 02:45:24','2016-09-04 02:45:24',50),(84,0,'2016-09-04 02:45:24','2016-09-04 02:45:24',50),(85,0,'2016-09-04 02:45:26','2016-09-04 02:45:26',50),(86,0,'2016-09-04 02:45:26','2016-09-04 02:45:26',50),(87,0,'2016-09-04 02:45:28','2016-09-04 02:45:28',50),(88,0,'2016-09-04 02:45:28','2016-09-04 02:45:28',50),(89,0,'2016-09-04 02:45:30','2016-09-04 02:45:30',50),(90,0,'2016-09-04 02:45:31','2016-09-04 02:45:31',50),(91,0,'2016-09-04 02:45:31','2016-09-04 02:45:31',50),(92,0,'2016-09-04 02:45:32','2016-09-04 02:45:32',50),(93,0,'2016-09-04 02:45:34','2016-09-04 02:45:34',50),(94,0,'2016-09-04 02:45:34','2016-09-04 02:45:34',50),(95,0,'2016-09-04 02:45:36','2016-09-04 02:45:36',50),(96,0,'2016-09-04 02:45:36','2016-09-04 02:45:36',50),(97,0,'2016-09-04 02:45:38','2016-09-04 02:45:38',50),(98,0,'2016-09-04 02:45:39','2016-09-04 02:45:39',50),(99,0,'2016-09-04 02:45:40','2016-09-04 02:45:40',50),(100,0,'2016-09-04 02:45:40','2016-09-04 02:45:40',50),(101,0,'2016-09-04 02:45:41','2016-09-04 02:45:41',50),(102,0,'2016-09-04 02:45:43','2016-09-04 02:45:43',50),(103,0,'2016-09-04 02:45:43','2016-09-04 02:45:43',50),(104,0,'2016-09-04 02:45:44','2016-09-04 02:45:44',50),(105,0,'2016-09-04 02:45:46','2016-09-04 02:45:46',50),(106,0,'2016-09-04 02:45:47','2016-09-04 02:45:47',50),(107,0,'2016-09-04 02:45:48','2016-09-04 02:45:48',50),(108,0,'2016-09-04 02:45:48','2016-09-04 02:45:48',50),(109,0,'2016-09-04 02:45:50','2016-09-04 02:45:50',50),(110,0,'2016-09-04 02:45:51','2016-09-04 02:45:51',50),(111,0,'2016-09-04 02:45:52','2016-09-04 02:45:52',50),(112,0,'2016-09-04 02:45:52','2016-09-04 02:45:52',50),(113,0,'2016-09-04 02:45:53','2016-09-04 02:45:53',50),(114,0,'2016-09-04 02:45:54','2016-09-04 02:45:54',50),(115,0,'2016-09-04 02:45:56','2016-09-04 02:45:56',50),(116,0,'2016-09-04 02:45:57','2016-09-04 02:45:57',50),(117,0,'2016-09-04 02:45:58','2016-09-04 02:45:58',50),(118,0,'2016-09-04 02:45:59','2016-09-04 02:45:59',50),(119,0,'2016-09-04 02:45:59','2016-09-04 02:45:59',50),(120,0,'2016-09-04 02:46:01','2016-09-04 02:46:01',50),(121,0,'2016-09-04 02:46:02','2016-09-04 02:46:02',50),(122,0,'2016-09-04 02:46:03','2016-09-04 02:46:03',50),(123,0,'2016-09-04 02:46:03','2016-09-04 02:46:03',50),(124,0,'2016-09-04 02:46:04','2016-09-04 02:46:04',50),(125,0,'2016-09-04 02:46:06','2016-09-04 02:46:06',50),(126,0,'2016-09-04 02:46:07','2016-09-04 02:46:07',50),(127,0,'2016-09-04 02:46:08','2016-09-04 02:46:08',50),(128,0,'2016-09-04 02:46:09','2016-09-04 02:46:09',50),(129,0,'2016-09-04 02:46:09','2016-09-04 02:46:09',50),(130,0,'2016-09-04 02:46:11','2016-09-04 02:46:11',50),(131,0,'2016-09-04 02:46:12','2016-09-04 02:46:12',50),(132,0,'2016-09-04 02:46:12','2016-09-04 02:46:12',50),(133,0,'2016-09-04 02:46:13','2016-09-04 02:46:13',50),(134,0,'2016-09-04 02:46:14','2016-09-04 02:46:14',50),(135,0,'2016-09-04 02:46:15','2016-09-04 02:46:15',50),(136,0,'2016-09-04 02:46:16','2016-09-04 02:46:16',50),(137,0,'2016-09-04 02:46:18','2016-09-04 02:46:18',50),(138,0,'2016-09-04 02:46:18','2016-09-04 02:46:18',50),(139,0,'2016-09-04 02:46:19','2016-09-04 02:46:19',50),(140,0,'2016-09-04 02:46:20','2016-09-04 02:46:20',50),(141,0,'2016-09-04 02:46:22','2016-09-04 02:46:22',50),(142,0,'2016-09-04 02:46:23','2016-09-04 02:46:23',50),(143,0,'2016-09-04 02:46:23','2016-09-04 02:46:23',50),(144,0,'2016-09-04 02:46:24','2016-09-04 02:46:24',50),(145,0,'2016-09-04 02:46:26','2016-09-04 02:46:26',50),(146,0,'2016-09-04 02:46:26','2016-09-04 02:46:26',50),(147,0,'2016-09-04 02:46:28','2016-09-04 02:46:28',50),(148,0,'2016-09-04 02:46:29','2016-09-04 02:46:29',50),(149,0,'2016-09-04 02:46:29','2016-09-04 02:46:29',50),(150,0,'2016-09-04 02:46:30','2016-09-04 02:46:30',50),(151,0,'2016-09-04 02:46:31','2016-09-04 02:46:31',50),(152,0,'2016-09-04 02:46:33','2016-09-04 02:46:33',50),(153,0,'2016-09-04 02:46:34','2016-09-04 02:46:34',50),(154,0,'2016-09-04 02:46:34','2016-09-04 02:46:34',50),(155,0,'2016-09-04 02:46:36','2016-09-04 02:46:36',50),(156,0,'2016-09-04 02:46:37','2016-09-04 02:46:37',50),(157,0,'2016-09-04 02:46:37','2016-09-04 02:46:37',50),(158,0,'2016-09-04 02:46:38','2016-09-04 02:46:38',50),(159,0,'2016-09-04 02:46:39','2016-09-04 02:46:39',50),(160,0,'2016-09-04 02:46:41','2016-09-04 02:46:41',50),(161,0,'2016-09-04 02:46:42','2016-09-04 02:46:42',50),(162,0,'2016-09-04 02:46:42','2016-09-04 02:46:42',50),(163,0,'2016-09-04 02:46:44','2016-09-04 02:46:44',50),(164,0,'2016-09-04 02:46:44','2016-09-04 02:46:44',50),(165,0,'2016-09-04 02:46:46','2016-09-04 02:46:46',50),(166,0,'2016-09-04 02:46:47','2016-09-04 02:46:47',50),(167,0,'2016-09-04 02:46:48','2016-09-04 02:46:48',50),(168,0,'2016-09-04 02:46:49','2016-09-04 02:46:49',50),(169,0,'2016-09-04 02:46:50','2016-09-04 02:46:50',50),(170,0,'2016-09-04 02:47:40','2016-09-04 02:47:40',50),(171,0,'2016-09-04 02:47:41','2016-09-04 02:47:41',50),(172,0,'2016-09-04 02:47:42','2016-09-04 02:47:42',50),(173,0,'2016-09-04 02:51:08','2016-09-04 02:51:08',50),(174,0,'2016-09-04 02:56:38','2016-09-04 02:56:38',50),(175,32,'2017-06-10 06:41:25','2017-06-10 06:41:25',50),(176,33,'2017-06-10 06:41:25','2017-06-10 06:41:25',50),(177,34,'2017-06-13 16:20:36','2017-06-13 16:20:36',205),(178,36,'2017-06-10 06:41:25','2017-06-10 06:41:25',50),(179,40,'2017-06-10 06:41:25','2017-06-10 06:41:25',50),(180,47,'2017-06-10 06:41:26','2017-06-10 06:41:26',50),(181,48,'2017-06-10 06:41:26','2017-06-10 06:41:26',50),(182,49,'2017-06-10 06:41:26','2017-06-10 06:41:26',50),(183,50,'2017-06-10 06:41:26','2017-06-10 06:41:26',50),(184,51,'2017-06-10 06:41:26','2017-06-10 06:41:26',50),(185,52,'2017-06-10 06:41:27','2017-06-10 06:41:27',50),(186,53,'2017-06-10 06:41:27','2017-06-10 06:41:27',50),(187,54,'2017-06-10 06:41:27','2017-06-10 06:41:27',50),(188,55,'2017-06-10 06:41:27','2017-06-10 06:41:27',50),(189,56,'2017-06-10 06:41:27','2017-06-10 06:41:27',50),(190,57,'2017-06-10 06:41:27','2017-06-10 06:41:27',50),(191,58,'2017-06-10 06:41:27','2017-06-10 06:41:27',50),(192,59,'2017-06-10 06:41:27','2017-06-10 06:41:27',50),(193,60,'2017-06-10 06:41:28','2017-06-10 06:41:28',50),(194,61,'2017-06-10 06:41:28','2017-06-10 06:41:28',50);
/*!40000 ALTER TABLE `investors` ENABLE KEYS */;
UNLOCK TABLES;

--
-- Table structure for table `lands`
--

DROP TABLE IF EXISTS `lands`;
/*!40101 SET @saved_cs_client     = @@character_set_client */;
/*!40101 SET character_set_client = utf8 */;
CREATE TABLE `lands` (
  `id` int(11) NOT NULL AUTO_INCREMENT,
  `purchase_id` int(11) NOT NULL DEFAULT '4',
  `farmer_id` int(11) DEFAULT NULL,
  `seed_id` int(11) NOT NULL DEFAULT '-1',
  `fert_id` int(11) NOT NULL DEFAULT '-1',
  `GT` int(11) NOT NULL DEFAULT '5',
  `planted_at` int(11) NOT NULL,
  `created_at` timestamp NOT NULL DEFAULT CURRENT_TIMESTAMP,
  `updated_at` timestamp NOT NULL DEFAULT '0000-00-00 00:00:00',
  PRIMARY KEY (`id`)
) ENGINE=InnoDB AUTO_INCREMENT=22 DEFAULT CHARSET=latin1;
/*!40101 SET character_set_client = @saved_cs_client */;

--
-- Dumping data for table `lands`
--

LOCK TABLES `lands` WRITE;
/*!40000 ALTER TABLE `lands` DISABLE KEYS */;
INSERT INTO `lands` VALUES (1,4,12,-1,-1,999,1475845254,'2016-08-31 23:02:37','2016-10-07 13:24:01'),(3,4,12,-1,2,999,1476295979,'2016-08-31 23:02:37','2017-06-06 16:08:22'),(5,4,12,-1,2,999,1476295979,'2016-08-31 23:02:37','2017-06-07 20:23:45'),(7,4,12,-1,2,999,1476295861,'2016-08-31 23:02:37','2017-06-07 20:17:23'),(8,4,12,-1,-1,5,1475834975,'2016-08-31 23:02:37','2016-08-31 23:02:37'),(9,4,12,-1,2,999,1475834975,'2016-08-31 23:02:37','2016-11-14 19:39:03'),(10,8,15,-1,-1,999,1476256086,'2016-10-02 12:23:05','2016-10-12 07:53:28'),(11,8,15,-1,2,999,1476252949,'2016-10-07 19:39:57','2016-10-12 18:10:54'),(12,8,15,-1,-1,5,0,'2016-10-07 19:40:13','2016-10-07 19:40:13'),(13,8,15,-1,-1,999,1475948056,'2016-10-07 19:40:13','2016-10-08 17:48:37'),(14,8,15,-1,-1,5,0,'2016-10-12 18:13:11','2016-10-12 18:13:11'),(15,8,15,-1,-1,5,0,'2016-10-12 18:13:11','2016-10-12 18:13:11'),(16,9,15,-1,-1,5,0,'2016-10-15 05:56:39','2016-10-15 05:56:39'),(17,9,15,-1,-1,5,0,'2016-10-15 05:56:39','2016-10-15 05:56:39'),(18,9,12,-1,-1,5,0,'2016-11-14 19:39:14','2016-11-14 19:39:14'),(19,9,12,-1,-1,5,0,'2017-06-06 16:08:43','2017-06-06 16:08:43'),(20,9,12,-1,-1,5,0,'2017-06-06 16:08:43','2017-06-06 16:08:43'),(21,9,12,-1,-1,5,0,'2017-06-07 20:15:39','2017-06-07 20:15:39');
/*!40000 ALTER TABLE `lands` ENABLE KEYS */;
UNLOCK TABLES;

--
-- Table structure for table `products`
--

DROP TABLE IF EXISTS `products`;
/*!40101 SET @saved_cs_client     = @@character_set_client */;
/*!40101 SET character_set_client = utf8 */;
CREATE TABLE `products` (
  `id` int(11) NOT NULL AUTO_INCREMENT,
  `god_id` int(11) NOT NULL,
  `category` enum('seed','fertilizer','land') NOT NULL,
  `being_funded` tinyint(4) NOT NULL DEFAULT '1',
  `ET` int(11) NOT NULL DEFAULT '0',
  `FT` int(11) NOT NULL DEFAULT '0',
  `quality` int(11) NOT NULL,
  `description` varchar(400) DEFAULT NULL,
  `name` varchar(45) DEFAULT NULL,
  `bid_price` float(11,4) DEFAULT NULL,
  `total_cost` float(11,4) DEFAULT NULL,
  `unit_price` float(11,4) NOT NULL,
  `avl_units` int(11) NOT NULL,
  `total_shares` int(11) DEFAULT NULL,
  `avl_shares` int(11) DEFAULT NULL,
  `launched_at` int(11) DEFAULT NULL,
  `created_at` timestamp NULL DEFAULT CURRENT_TIMESTAMP,
  `updated_at` timestamp NULL DEFAULT CURRENT_TIMESTAMP,
  `deleted_at` timestamp NULL DEFAULT NULL,
  PRIMARY KEY (`id`)
) ENGINE=InnoDB AUTO_INCREMENT=157 DEFAULT CHARSET=latin1;
/*!40101 SET character_set_client = @saved_cs_client */;

--
-- Dumping data for table `products`
--

LOCK TABLES `products` WRITE;
/*!40000 ALTER TABLE `products` DISABLE KEYS */;
INSERT INTO `products` VALUES (1,3,'seed',0,15,5,56,NULL,NULL,1699232.0000,90000.0000,1500.0000,54,50,45,1497369737,'2017-03-24 10:57:16','2017-06-13 16:02:17',NULL),(2,4,'seed',0,15,5,56,NULL,NULL,2000.0000,90000.0000,1500.0000,24,50,45,1497369737,'2017-03-24 10:57:16','2017-06-13 16:02:17',NULL),(3,4,'fertilizer',0,15,5,56,NULL,NULL,2000.0000,90000.0000,1500.0000,0,50,45,1497369737,'2017-06-06 20:02:30','2017-06-13 16:02:17',NULL),(4,5,'fertilizer',0,15,5,56,NULL,NULL,2000.0000,90000.0000,1500.0000,24,50,45,1497369737,'2017-03-24 10:57:17','2017-06-13 16:02:17',NULL),(5,2,'land',0,15,5,56,NULL,NULL,2000.0000,90000.0000,1500.0000,60,50,45,1497369737,'2017-03-24 10:57:17','2017-06-13 16:02:18',NULL),(6,1,'land',0,15,5,56,NULL,NULL,2000.0000,90000.0000,1500.0000,60,50,45,1497369737,'2017-03-24 10:57:17','2017-06-13 16:02:18',NULL),(7,1,'land',0,15,5,56,NULL,NULL,2000.0000,90000.0000,1500.0000,60,50,45,1497369737,'2017-03-24 10:57:17','2017-06-13 16:02:18',NULL),(8,1,'fertilizer',0,15,5,56,NULL,NULL,2000.0000,90000.0000,1500.0000,60,50,45,1497369737,'2017-03-24 10:57:17','2017-06-13 16:02:18',NULL),(9,4,'fertilizer',0,15,5,56,NULL,NULL,2000.0000,90000.0000,1500.0000,24,50,45,1497369737,'2017-03-24 10:57:17','2017-06-13 16:02:18',NULL),(10,4,'land',0,15,5,56,NULL,NULL,2000.0000,90000.0000,1500.0000,24,50,45,1497369737,'2017-03-24 10:57:17','2017-06-13 16:02:18',NULL),(11,3,'fertilizer',0,15,5,56,NULL,NULL,2000.0000,90000.0000,1500.0000,60,50,45,1497369737,'2017-03-24 10:57:17','2017-06-13 16:02:18',NULL),(12,3,'land',0,15,5,56,NULL,NULL,2000.0000,90000.0000,1500.0000,60,50,45,1497369737,'2017-03-24 10:57:17','2017-06-13 16:02:18',NULL),(13,2,'land',0,15,5,56,NULL,NULL,2000.0000,90000.0000,1500.0000,60,50,45,1497369737,'2017-03-24 10:57:17','2017-06-13 16:02:18',NULL),(14,2,'seed',0,15,5,56,NULL,NULL,2000.0000,90000.0000,1500.0000,60,50,45,1497369737,'2017-03-24 10:57:17','2017-06-13 16:02:18',NULL),(15,1,'land',0,15,5,56,NULL,NULL,2000.0000,90000.0000,1500.0000,60,50,45,1497369737,'2017-03-24 10:57:17','2017-06-13 16:02:18',NULL),(16,4,'land',0,15,5,56,NULL,NULL,2000.0000,90000.0000,1500.0000,12,50,45,1497369737,'2017-03-24 10:57:17','2017-06-13 16:02:18',NULL),(17,2,'fertilizer',0,15,5,56,NULL,NULL,2000.0000,90000.0000,1500.0000,60,50,45,1497369737,'2017-03-24 10:57:17','2017-06-13 16:02:18',NULL),(18,3,'fertilizer',-1,15,5,56,NULL,NULL,2000.0000,90000.0000,1500.0000,60,50,45,1497369737,'2017-03-24 10:57:18','2017-06-13 16:17:18',NULL),(19,4,'land',0,15,5,56,NULL,NULL,2000.0000,90000.0000,1500.0000,12,50,45,1497369737,'2017-03-24 10:57:18','2017-06-13 16:02:18',NULL),(20,1,'seed',0,15,5,56,NULL,NULL,2000.0000,90000.0000,1500.0000,60,50,45,1497369737,'2017-03-24 10:57:18','2017-06-13 16:02:18',NULL),(21,5,'fertilizer',0,15,5,56,NULL,NULL,2000.0000,90000.0000,1500.0000,36,50,45,1497369737,'2017-03-24 10:57:18','2017-06-13 16:02:18',NULL),(22,5,'seed',0,15,5,56,NULL,NULL,2000.0000,90000.0000,1500.0000,12,50,45,1497369737,'2017-03-24 10:57:18','2017-06-13 16:02:18',NULL),(23,5,'land',0,15,5,56,NULL,NULL,2000.0000,90000.0000,1500.0000,24,50,45,1497369737,'2017-03-24 10:57:18','2017-06-13 16:02:18',NULL),(24,4,'fertilizer',0,15,5,56,NULL,NULL,2000.0000,90000.0000,1500.0000,12,50,45,1497369737,'2017-03-24 10:57:18','2017-06-13 16:02:18',NULL),(25,1,'fertilizer',0,15,5,56,NULL,NULL,2000.0000,90000.0000,1500.0000,60,50,45,1497369737,'2017-03-24 10:57:18','2017-06-13 16:02:18',NULL),(26,1,'fertilizer',0,15,5,56,NULL,NULL,2000.0000,90000.0000,1500.0000,60,50,45,1497369737,'2017-03-24 10:57:18','2017-06-13 16:02:18',NULL),(27,4,'seed',0,15,5,56,NULL,NULL,2000.0000,90000.0000,1500.0000,24,50,45,1497369737,'2017-03-24 10:57:18','2017-06-13 16:02:18',NULL),(28,4,'land',0,15,5,56,NULL,NULL,2000.0000,90000.0000,1500.0000,0,50,45,1497369737,'2017-03-24 10:57:18','2017-06-13 16:02:19',NULL),(29,4,'land',0,15,5,56,NULL,NULL,2000.0000,90000.0000,1500.0000,12,50,45,1497369737,'2017-03-24 10:57:18','2017-06-13 16:02:19',NULL),(30,3,'land',0,15,5,56,NULL,NULL,2000.0000,90000.0000,1500.0000,60,50,45,1497369737,'2017-03-24 10:57:18','2017-06-13 16:02:19',NULL),(31,3,'land',0,15,5,56,NULL,NULL,2000.0000,90000.0000,1500.0000,60,50,45,1497369737,'2017-03-24 10:57:18','2017-06-13 16:02:19',NULL),(32,3,'seed',0,15,5,56,NULL,NULL,2000.0000,90000.0000,1500.0000,60,50,45,1497369737,'2017-03-24 10:57:18','2017-06-13 16:02:19',NULL),(33,2,'seed',0,15,5,56,NULL,NULL,2000.0000,90000.0000,1500.0000,60,50,45,1497369737,'2017-03-24 10:57:19','2017-06-13 16:02:19',NULL),(34,2,'fertilizer',0,15,5,56,NULL,NULL,2000.0000,90000.0000,1500.0000,60,50,45,1497369737,'2017-03-24 10:57:19','2017-06-13 16:02:19',NULL),(35,3,'seed',0,15,5,56,NULL,NULL,2000.0000,90000.0000,1500.0000,60,50,45,1497369737,'2017-03-24 10:57:19','2017-06-13 16:02:19',NULL),(36,1,'seed',0,15,5,56,NULL,NULL,2000.0000,90000.0000,1500.0000,60,50,45,1497369737,'2017-03-24 10:57:19','2017-06-13 16:02:19',NULL),(37,2,'fertilizer',0,15,5,56,NULL,NULL,2000.0000,90000.0000,1500.0000,60,50,45,1497369737,'2017-03-24 10:57:19','2017-06-13 16:02:19',NULL),(38,2,'fertilizer',0,15,5,56,NULL,NULL,2000.0000,90000.0000,1500.0000,60,50,45,1497369737,'2017-03-24 10:57:19','2017-06-13 16:02:19',NULL),(39,1,'land',0,15,5,56,NULL,NULL,2000.0000,90000.0000,1500.0000,60,50,45,1497369737,'2017-03-24 10:57:19','2017-06-13 16:02:19',NULL),(40,3,'fertilizer',0,15,5,56,NULL,NULL,2000.0000,90000.0000,1500.0000,60,50,45,1497369737,'2017-03-24 10:57:19','2017-06-13 16:02:19',NULL),(41,2,'land',0,15,5,56,NULL,NULL,2000.0000,90000.0000,1500.0000,60,50,45,1497369737,'2017-03-24 10:57:19','2017-06-13 16:02:19',NULL),(42,5,'fertilizer',0,15,5,56,NULL,NULL,2000.0000,90000.0000,1500.0000,84,50,45,1497369737,'2017-03-24 10:57:19','2017-06-13 16:02:19',NULL),(43,4,'seed',0,15,5,56,NULL,NULL,2000.0000,90000.0000,1500.0000,12,50,45,1497369737,'2017-03-24 10:57:19','2017-06-13 16:02:19',NULL),(44,1,'land',0,15,5,56,NULL,NULL,2000.0000,90000.0000,1500.0000,60,50,45,1497369737,'2017-06-06 20:02:30','2017-06-13 16:02:19',NULL),(45,3,'fertilizer',0,15,5,56,NULL,NULL,2000.0000,90000.0000,1500.0000,60,50,45,1497369737,'2017-03-24 10:57:20','2017-06-13 16:02:19',NULL),(46,4,'seed',0,15,5,56,NULL,NULL,2000.0000,90000.0000,1500.0000,36,50,45,1497369737,'2017-03-24 10:57:20','2017-06-13 16:02:19',NULL),(47,4,'land',0,15,5,56,NULL,NULL,2000.0000,90000.0000,1500.0000,36,50,45,1497369737,'2017-03-24 10:57:20','2017-06-13 16:02:19',NULL),(48,4,'fertilizer',0,15,5,56,NULL,NULL,2000.0000,90000.0000,1500.0000,12,50,45,1497369737,'2017-03-24 10:57:20','2017-06-13 16:02:19',NULL),(49,1,'fertilizer',0,15,5,56,NULL,NULL,2000.0000,90000.0000,1500.0000,60,50,45,1497369737,'2017-03-24 10:57:20','2017-06-13 16:02:19',NULL),(50,1,'land',0,15,5,56,NULL,NULL,2000.0000,90000.0000,1500.0000,60,50,45,1497369737,'2017-03-24 10:57:20','2017-06-13 16:02:19',NULL),(51,3,'fertilizer',0,15,5,56,NULL,NULL,2000.0000,90000.0000,1500.0000,60,50,45,1497369737,'2017-03-24 10:57:20','2017-06-13 16:02:19',NULL),(52,2,'land',0,15,5,56,NULL,NULL,2000.0000,90000.0000,1500.0000,60,50,45,1497369737,'2017-03-24 10:57:20','2017-06-13 16:02:19',NULL),(53,2,'seed',0,15,5,56,NULL,NULL,2000.0000,90000.0000,1500.0000,60,50,45,1497369737,'2017-03-24 10:57:20','2017-06-13 16:02:19',NULL),(54,4,'land',0,15,5,56,NULL,NULL,2000.0000,90000.0000,1500.0000,24,50,45,1497369737,'2017-03-24 10:57:20','2017-06-13 16:02:19',NULL),(55,5,'fertilizer',0,15,5,56,NULL,NULL,2000.0000,90000.0000,1500.0000,36,50,45,1497369737,'2017-03-24 10:57:20','2017-06-13 16:02:20',NULL),(56,1,'fertilizer',0,15,5,56,NULL,NULL,2000.0000,90000.0000,1500.0000,60,50,45,1497369737,'2017-03-24 10:57:20','2017-06-13 16:02:20',NULL),(57,3,'land',0,15,5,56,NULL,NULL,2000.0000,90000.0000,1500.0000,60,50,45,1497369737,'2017-06-06 20:02:30','2017-06-13 16:02:20',NULL),(58,4,'fertilizer',0,15,5,56,NULL,NULL,2000.0000,90000.0000,1500.0000,12,50,45,1497369737,'2017-03-24 10:57:21','2017-06-13 16:02:20',NULL),(59,5,'seed',0,15,5,56,NULL,NULL,2000.0000,90000.0000,1500.0000,96,50,45,1497369737,'2017-03-24 10:57:21','2017-06-13 16:02:20',NULL),(60,2,'seed',0,15,5,56,NULL,NULL,2000.0000,90000.0000,1500.0000,60,50,45,1497369737,'2017-03-24 10:57:21','2017-06-13 16:02:20',NULL),(61,3,'land',0,15,5,56,NULL,NULL,2000.0000,90000.0000,1500.0000,60,50,45,1497369737,'2017-03-24 10:57:21','2017-06-13 16:02:20',NULL),(62,2,'fertilizer',0,15,5,56,NULL,NULL,2000.0000,90000.0000,1500.0000,60,50,45,1497369737,'2017-03-24 10:57:21','2017-06-13 16:02:20',NULL),(63,5,'seed',0,15,5,56,NULL,NULL,2000.0000,90000.0000,1500.0000,48,50,45,1497369737,'2017-03-24 10:57:21','2017-06-13 16:02:20',NULL),(64,4,'fertilizer',0,15,5,56,NULL,NULL,2000.0000,90000.0000,1500.0000,36,50,45,1497369737,'2017-03-24 10:57:21','2017-06-13 16:02:20',NULL),(65,5,'fertilizer',0,15,5,56,NULL,NULL,2000.0000,90000.0000,1500.0000,12,50,45,1497369737,'2017-03-24 10:57:21','2017-06-13 16:02:20',NULL),(66,1,'fertilizer',0,15,5,56,NULL,NULL,2000.0000,90000.0000,1500.0000,60,50,45,1497369737,'2017-03-24 10:57:21','2017-06-13 16:02:20',NULL),(67,3,'land',0,15,5,56,NULL,NULL,2000.0000,90000.0000,1500.0000,60,50,45,1497369737,'2017-03-24 10:57:21','2017-06-13 16:02:20',NULL),(68,1,'seed',0,15,5,56,NULL,NULL,2000.0000,90000.0000,1500.0000,60,50,45,1497369737,'2017-03-24 10:57:21','2017-06-13 16:02:20',NULL),(69,3,'fertilizer',0,15,5,56,NULL,NULL,2000.0000,90000.0000,1500.0000,60,50,45,1497369737,'2017-03-24 10:57:21','2017-06-13 16:02:20',NULL),(70,1,'seed',0,15,5,56,NULL,NULL,2000.0000,90000.0000,1500.0000,60,50,45,1497369737,'2017-06-06 20:02:30','2017-06-13 16:02:20',NULL),(71,1,'fertilizer',0,15,5,56,NULL,NULL,2000.0000,90000.0000,1500.0000,60,50,45,1497369737,'2017-03-24 10:57:22','2017-06-13 16:02:20',NULL),(72,5,'seed',0,15,5,56,NULL,NULL,2000.0000,90000.0000,1500.0000,12,50,45,1497369737,'2017-03-24 10:57:22','2017-06-13 16:02:20',NULL),(73,2,'fertilizer',0,15,5,56,NULL,NULL,2000.0000,90000.0000,1500.0000,60,50,45,1497369737,'2017-03-24 10:57:22','2017-06-13 16:02:20',NULL),(74,1,'land',0,15,5,56,NULL,NULL,2000.0000,90000.0000,1500.0000,60,50,45,1497369737,'2017-03-24 10:57:22','2017-06-13 16:02:20',NULL),(75,2,'land',0,15,5,56,NULL,NULL,2000.0000,90000.0000,1500.0000,60,50,45,1497369737,'2017-03-24 10:57:22','2017-06-13 16:02:20',NULL),(76,4,'land',0,15,5,56,NULL,NULL,2000.0000,90000.0000,1500.0000,0,50,45,1497369737,'2017-03-24 10:57:22','2017-06-13 16:02:20',NULL),(77,3,'seed',0,15,5,56,NULL,NULL,2000.0000,90000.0000,1500.0000,60,50,45,1497369737,'2017-03-24 10:57:22','2017-06-13 16:02:20',NULL),(78,4,'seed',0,15,5,56,NULL,NULL,2000.0000,90000.0000,1500.0000,12,50,45,1497369737,'2017-03-24 10:57:22','2017-06-13 16:02:20',NULL),(79,5,'fertilizer',0,15,5,56,NULL,NULL,2000.0000,90000.0000,1500.0000,0,50,45,1497369737,'2017-03-24 10:57:22','2017-06-13 16:02:20',NULL),(80,2,'fertilizer',0,15,5,56,NULL,NULL,2000.0000,90000.0000,1500.0000,60,50,45,1497369737,'2017-03-24 10:57:22','2017-06-13 16:02:20',NULL),(81,4,'fertilizer',0,15,5,56,NULL,NULL,2000.0000,90000.0000,1500.0000,0,50,45,1497369737,'2017-03-24 10:57:22','2017-06-13 16:02:20',NULL),(82,5,'fertilizer',0,15,5,56,NULL,NULL,2000.0000,90000.0000,1500.0000,36,50,45,1497369737,'2017-03-24 10:57:23','2017-06-13 16:02:20',NULL),(83,5,'seed',0,15,5,56,NULL,NULL,2000.0000,90000.0000,1500.0000,24,50,45,1497369737,'2017-03-24 10:57:23','2017-06-13 16:02:21',NULL),(84,1,'seed',0,15,5,56,NULL,NULL,2000.0000,90000.0000,1500.0000,60,50,45,1497369737,'2017-03-24 10:57:23','2017-06-13 16:02:21',NULL),(85,2,'land',0,15,5,56,NULL,NULL,2000.0000,90000.0000,1500.0000,60,50,45,1497369737,'2017-03-24 10:57:23','2017-06-13 16:02:21',NULL),(86,3,'seed',0,15,5,56,NULL,NULL,2000.0000,90000.0000,1500.0000,60,50,45,1497369737,'2017-03-24 10:57:23','2017-06-13 16:02:21',NULL),(87,3,'fertilizer',0,15,5,56,NULL,NULL,2000.0000,90000.0000,1500.0000,60,50,45,1497369737,'2017-03-24 10:57:23','2017-06-13 16:02:21',NULL),(88,4,'land',0,15,5,56,NULL,NULL,2000.0000,90000.0000,1500.0000,24,50,45,1497369737,'2017-03-24 10:57:23','2017-06-13 16:02:21',NULL),(89,1,'land',0,15,5,56,NULL,NULL,2000.0000,90000.0000,1500.0000,60,50,45,1497369737,'2017-03-24 10:57:23','2017-06-13 16:02:21',NULL),(90,3,'fertilizer',0,15,5,56,NULL,NULL,2000.0000,90000.0000,1500.0000,60,50,45,1497369737,'2017-03-24 10:57:23','2017-06-13 16:02:21',NULL),(91,1,'land',0,15,5,56,NULL,NULL,2000.0000,90000.0000,1500.0000,60,50,45,1497369737,'2017-03-24 10:57:23','2017-06-13 16:02:21',NULL),(92,2,'land',0,15,5,56,NULL,NULL,2000.0000,90000.0000,1500.0000,60,50,45,1497369737,'2017-03-24 10:57:24','2017-06-13 16:02:21',NULL),(93,4,'land',0,15,5,56,NULL,NULL,2000.0000,90000.0000,1500.0000,48,50,45,1497369737,'2017-03-24 10:57:24','2017-06-13 16:02:21',NULL),(94,1,'land',0,15,5,56,NULL,NULL,2000.0000,90000.0000,1500.0000,60,50,45,1497369737,'2017-03-24 10:57:24','2017-06-13 16:02:21',NULL),(95,5,'fertilizer',0,15,5,56,NULL,NULL,2000.0000,90000.0000,1500.0000,36,50,45,1497369737,'2017-03-24 10:57:24','2017-06-13 16:02:21',NULL),(96,1,'seed',0,15,5,56,NULL,NULL,2000.0000,90000.0000,1500.0000,60,50,45,1497369737,'2017-03-24 10:57:24','2017-06-13 16:02:21',NULL),(97,1,'fertilizer',0,15,5,56,NULL,NULL,2000.0000,90000.0000,1500.0000,60,50,45,1497369737,'2017-03-24 10:57:24','2017-06-13 16:02:21',NULL),(98,1,'land',0,15,5,56,NULL,NULL,2000.0000,90000.0000,1500.0000,60,50,45,1497369737,'2017-03-24 10:57:24','2017-06-13 16:02:21',NULL),(99,2,'fertilizer',0,15,5,56,NULL,NULL,2000.0000,90000.0000,1500.0000,60,50,45,1497369737,'2017-03-24 10:57:24','2017-06-13 16:02:21',NULL),(100,1,'seed',0,15,5,56,NULL,NULL,2000.0000,90000.0000,1500.0000,60,50,45,1497369737,'2017-03-24 10:57:24','2017-06-13 16:02:21',NULL),(108,1,'seed',0,15,5,56,'desc','seed',181122.1719,90000.0000,1500.0000,20,50,20,1497369737,'2017-03-24 10:57:24','2017-06-13 16:02:21',NULL),(109,1,'seed',0,15,5,56,'desc','seed',2000.0000,90000.0000,1500.0000,60,50,45,1497369737,'2017-03-24 10:57:24','2017-06-13 16:02:21',NULL),(110,1,'fertilizer',0,15,5,56,'This is my first product on 2Sep 5pm','prod',2469.8713,150000.0000,1500.0000,99,50,0,1497369737,'2017-06-06 20:02:30','2017-06-13 16:02:21',NULL),(111,1,'fertilizer',0,15,5,56,'asfa','prod',2000.0000,90000.0000,1500.0000,60,50,45,1497369737,'2017-03-24 10:57:25','2017-06-13 16:02:21',NULL),(112,1,'fertilizer',0,15,5,56,'asfa','prod',2000.0000,90000.0000,1500.0000,60,50,45,1497369737,'2017-03-24 10:57:25','2017-06-13 16:02:21',NULL),(113,5,'fertilizer',0,15,5,56,'desc','prod123',2000.0000,90000.0000,1500.0000,0,50,45,1497369737,'2017-03-24 10:57:25','2017-06-13 16:02:21',NULL),(114,5,'fertilizer',0,15,5,56,'desc','new prod',2000.0000,90000.0000,1500.0000,0,50,45,1497369737,'2017-03-24 10:57:25','2017-06-13 16:02:21',NULL),(115,1,'fertilizer',0,15,5,56,'desc','prod',2000.0000,90000.0000,1500.0000,60,50,45,1497369737,'2017-03-24 10:57:25','2017-06-13 16:02:21',NULL),(116,1,'fertilizer',0,15,5,56,'desc','prod',2000.0000,90000.0000,1500.0000,60,50,45,1497369737,'2017-03-24 10:57:25','2017-06-13 16:02:22',NULL),(117,4,'fertilizer',0,15,5,56,'desc','prodasfa ',2000.0000,90000.0000,1500.0000,0,50,45,1497369737,'2017-03-24 10:57:25','2017-06-13 16:02:22',NULL),(118,5,'seed',0,5,4,10,'desc','prod',NULL,NULL,2000.0000,100,NULL,NULL,1497369737,'2017-03-24 10:57:25','2017-06-13 16:02:22',NULL),(119,5,'land',0,8,6,30,'desc','prod',NULL,NULL,1020.0000,2,NULL,NULL,1497369737,'2017-03-24 10:57:25','2017-06-13 16:02:22',NULL),(120,6,'seed',0,12,10,10,'desc','prod',NULL,NULL,49.0000,100,NULL,NULL,1497369737,'2017-03-24 10:57:25','2017-06-13 16:02:22',NULL),(121,5,'seed',0,5,4,10,'desc','prod',NULL,NULL,25.0000,100,NULL,NULL,1497369737,'2017-03-24 10:57:26','2017-06-13 16:02:22',NULL),(122,5,'seed',0,5,4,10,'desc','prod',NULL,NULL,25.0000,100,NULL,NULL,1497369737,'2017-03-24 10:57:26','2017-06-13 16:02:22',NULL),(123,5,'seed',0,5,4,10,'descas','prodAD',NULL,NULL,25.5250,100,NULL,NULL,1497369737,'2017-03-24 10:57:26','2017-06-13 16:02:22',NULL),(124,5,'seed',0,5,4,10,'descas','prodAD',NULL,NULL,25.5250,100,NULL,NULL,1497369737,'2017-03-24 10:57:26','2017-06-13 16:02:22',NULL),(125,5,'seed',0,5,4,10,'desc','prod',NULL,2552.5000,25.5250,100,50,50,1497369737,'2017-03-24 10:57:26','2017-06-13 16:02:22',NULL),(126,5,'land',0,5,4,10,'desc','prod',NULL,35735.0000,357.3500,100,50,50,1497369737,'2017-03-24 10:57:26','2017-06-13 16:02:22',NULL),(127,5,'land',0,5,4,10,'desc','prod',506.8030,35735.0000,357.3500,100,50,40,1497369737,'2017-03-24 10:57:26','2017-06-13 16:02:22',NULL),(128,4,'seed',0,5,4,14,'Am I updated in seeds table awa products?','Awesome seed',NULL,303.6000,101.2000,3,50,50,1497369737,'2017-03-24 10:57:26','2017-06-13 16:02:22',NULL),(129,1,'fertilizer',0,5,4,10,'desc','prod',NULL,200000.0000,2000.0000,100,50,50,1497369737,'2017-03-24 10:57:26','2017-06-13 16:02:22',NULL),(130,1,'seed',0,5,4,10,'desc','prod',NULL,2530.0000,25.3000,100,50,50,1497369737,'2017-03-24 10:57:26','2017-06-13 16:02:22',NULL),(131,5,'seed',0,10,4,10,'desc','prod',NULL,3036.0000,30.3600,100,50,50,1497369737,'2017-03-24 10:57:26','2017-06-13 16:02:22',NULL),(132,5,'seed',0,10,4,10,'desc','New Prod',31609.7520,3036.0000,30.3600,100,50,50,1497369737,'2017-03-24 10:57:27','2017-06-13 16:02:22',NULL),(133,5,'seed',0,5,4,10,'desc','prod',NULL,2530.0000,25.3000,100,50,50,1497369737,'2017-03-24 10:57:27','2017-06-13 16:02:22',NULL),(134,5,'seed',0,5,414,10,'desc','prod',9690.7939,2530.0000,25.3000,100,50,40,1497369737,'2017-03-24 10:57:27','2017-06-13 16:02:22',NULL),(135,5,'seed',0,5,4,10,'desc','prod',NULL,2530.0000,25.3000,100,50,50,1497369737,'2017-03-24 10:57:27','2017-06-13 16:02:22',NULL),(136,5,'seed',0,15,14,10,'desc','prod',278.5940,2530.0000,25.3000,100,50,40,1497369737,'2017-03-24 10:57:27','2017-06-13 16:02:22',NULL),(137,5,'seed',0,8,7,10,'desc','prod',71.8520,3592.6001,35.9260,100,50,50,1497369737,'2017-03-24 10:57:27','2017-06-13 16:02:22',NULL),(138,5,'seed',0,8,7,10,'desc','prod',71.8520,3592.6001,35.9260,100,50,50,1497369737,'2017-03-24 10:57:27','2017-06-13 16:02:22',NULL),(139,4,'seed',0,5,7,52,'desc','prod',164.6799,6166.7373,80.0875,77,50,50,1497369737,'2017-03-24 10:57:27','2017-06-13 16:02:22',NULL),(140,5,'seed',0,15,9,10,'desc','prod',1474.8500,4750.0000,47.5000,100,50,40,1497369737,'2017-03-24 10:57:28','2017-06-13 16:02:22',NULL),(141,5,'land',0,300,10,29,'desc','prod',2653.8240,152880.0000,1528.8000,70,50,40,1497369737,'2017-03-24 10:57:28','2017-06-13 16:02:22',NULL),(142,5,'seed',0,5,5,10,'desc','prod',457.5925,3162.5000,31.6250,100,50,50,1497369737,'2017-03-24 10:57:28','2017-06-13 16:02:22',NULL),(143,5,'seed',0,15,5,10,'desc','prodshd',86.2500,4312.5000,43.1250,100,50,50,1497369737,'2017-03-24 10:57:28','2017-06-13 16:02:23',NULL),(144,5,'fertilizer',0,5,2,7,'desc','newon',95.5360,7820.0000,78.2000,100,50,50,1497369737,'2017-03-24 10:57:28','2017-06-13 16:02:23',NULL),(145,4,'seed',0,5,5,10,'desc','prod',32.3177,3162.5000,31.6250,100,50,40,1497369737,'2017-06-06 20:02:30','2017-06-13 16:02:23',NULL),(146,4,'land',0,14,5,10,'desc','prod',1175.3000,58765.0000,587.6500,80,50,50,1497369737,'2017-03-24 10:57:29','2017-06-13 16:02:23',NULL),(147,4,'seed',0,5,3,10,'desc','prod',51.7500,2587.5000,25.8750,100,50,50,1497369737,'2017-03-24 10:57:29','2017-06-13 16:02:23',NULL),(148,4,'seed',0,5,5,24,'descawd','prodasdas',137.4176,4772.5000,47.7250,100,50,26,1497369737,'2017-03-24 10:57:29','2017-06-13 16:02:23',NULL),(149,4,'seed',0,5,5,18,'desc','prod',81.6500,4082.5000,40.8250,100,50,50,1497369737,'2016-11-14 19:40:14','2017-06-13 16:02:23',NULL),(150,4,'seed',0,5,6,26,'desc','prod99',91.6211,5055.3999,50.5540,100,50,40,1497369737,'2017-06-06 20:02:30','2017-06-13 16:02:23',NULL),(151,4,'seed',0,5,5,10,'desc','prod',0.0000,0.0000,0.0000,92,50,50,1497369737,'2017-06-12 18:18:26','2017-06-13 16:02:23',NULL),(152,4,'land',0,12,5,34,'desc','prod',0.0000,0.0000,0.0000,92,50,50,1497369737,'2017-06-12 18:19:04','2017-06-13 16:02:23',NULL),(153,4,'seed',0,5,5,10,'desc','prod',31.9594,0.0000,0.0000,100,50,0,1497369737,'2017-06-13 15:55:57','2017-06-13 16:02:23',NULL),(154,4,'seed',0,5,5,10,'desc','prod',169.2878,0.0000,0.0000,100,50,16,NULL,'2017-06-13 16:13:24','2017-06-13 16:18:24',NULL),(155,4,'seed',0,5,5,10,'desc','prod',0.0000,0.0000,0.0000,100,50,50,1497413814,'2017-06-14 04:03:47','2017-06-14 04:16:54',NULL),(156,4,'seed',1,5,50,10,'desc','prod',0.0000,0.0000,0.0000,100,50,40,1497414933,'2017-06-14 04:30:33','2017-06-14 04:54:27',NULL);
/*!40000 ALTER TABLE `products` ENABLE KEYS */;
UNLOCK TABLES;

--
-- Table structure for table `purchases`
--

DROP TABLE IF EXISTS `purchases`;
/*!40101 SET @saved_cs_client     = @@character_set_client */;
/*!40101 SET character_set_client = utf8 */;
CREATE TABLE `purchases` (
  `id` int(11) NOT NULL AUTO_INCREMENT,
  `farmer_id` int(11) DEFAULT NULL,
  `product_id` int(11) DEFAULT NULL,
  `num_units` int(11) DEFAULT NULL,
  `created_at` timestamp NOT NULL DEFAULT CURRENT_TIMESTAMP ON UPDATE CURRENT_TIMESTAMP,
  `updated_at` timestamp NOT NULL DEFAULT '0000-00-00 00:00:00',
  `buy_price` int(11) DEFAULT '1800',
  `avl_units` int(11) NOT NULL DEFAULT '2',
  PRIMARY KEY (`id`)
) ENGINE=InnoDB AUTO_INCREMENT=10 DEFAULT CHARSET=latin1;
/*!40101 SET character_set_client = @saved_cs_client */;

--
-- Dumping data for table `purchases`
--

LOCK TABLES `purchases` WRITE;
/*!40000 ALTER TABLE `purchases` DISABLE KEYS */;
INSERT INTO `purchases` VALUES (1,1,145,6,'2016-10-07 19:40:26','2016-10-07 19:40:26',12000,0),(2,12,110,10,'2017-06-07 20:23:46','2017-06-07 20:23:46',15000,4),(3,1,137,10,'2016-10-12 18:11:02','2016-10-12 18:11:02',15167,0),(4,12,143,16,'2016-10-15 06:05:32','2016-10-12 18:12:59',1234,0),(5,10,108,10,'2016-09-27 08:10:55','2016-09-25 11:35:02',12345,2),(6,15,108,10,'2016-09-27 08:11:00','2016-09-25 12:08:33',6546,2),(7,15,141,10,'2016-09-25 14:08:35','2016-09-25 14:08:35',1615,2),(8,1,141,10,'2016-10-12 18:13:11','2016-10-12 18:13:11',1532,0),(9,12,146,10,'2017-06-07 20:15:39','2017-06-07 20:15:39',591,4);
/*!40000 ALTER TABLE `purchases` ENABLE KEYS */;
UNLOCK TABLES;

--
-- Table structure for table `users`
--

DROP TABLE IF EXISTS `users`;
/*!40101 SET @saved_cs_client     = @@character_set_client */;
/*!40101 SET character_set_client = utf8 */;
CREATE TABLE `users` (
  `id` int(11) NOT NULL AUTO_INCREMENT,
  `username` varchar(45) DEFAULT NULL,
  `password` varchar(200) DEFAULT NULL,
  `category` enum('farmer','investor','god') NOT NULL,
  `created_at` timestamp NULL DEFAULT NULL,
  `updated_at` timestamp NOT NULL DEFAULT '0000-00-00 00:00:00',
  `remember_token` varchar(100) DEFAULT NULL,
  `prev_time` int(11) DEFAULT NULL,
  `le` int(11) NOT NULL DEFAULT '500000',
  `stored_LE` int(11) DEFAULT NULL,
  PRIMARY KEY (`id`)
) ENGINE=InnoDB AUTO_INCREMENT=62 DEFAULT CHARSET=latin1;
/*!40101 SET character_set_client = @saved_cs_client */;

--
-- Dumping data for table `users`
--

LOCK TABLES `users` WRITE;
/*!40000 ALTER TABLE `users` DISABLE KEYS */;
INSERT INTO `users` VALUES (32,'user1','$2y$10$DP16.wLUocdLp7NafO9XiuGst3EnFGz4sdifp525Rgj0hMr.TckIm','god','2016-09-09 19:00:46','2017-06-14 04:30:18',NULL,1497414618,1000000,100000),(33,'user2','$2y$10$kO5OkVRiryHj1CmOf0qyi.iWKDYMqsbPDW8uChE3Qranw0ii0C3h2','god','2016-09-09 19:00:46','2017-06-14 04:30:18',NULL,1497414618,1000000,100000),(34,'user3','$2y$10$5rLTCcdwD578I8tuJHcqB.3qU3vjKdzfl7A8We8YSX7FV/JgFpmem','god','2016-09-09 19:00:46','2017-06-14 04:54:27','yfXCKblUYBH0cIo7EwKqVMzg3lId9buFDjEM4NPKLAYxKtOqCIfGdWsYmn9h',1497416067,1120,100000),(35,'user4','$2y$10$Ov473Vdj3lWTtzrAlcKCOeyMxzIlIhJtPgxA.s.R2.J8qNCqoBCYu','god','2016-09-09 19:00:46','2017-06-14 04:30:18','0u4SiX4Cj0E8a115xwcRJl0XHAnHKDyYSrGAd66paRlEuHnRGbxHtFEMSfAa',1497414618,1000000,100000),(36,'user5','$2y$10$giJ6HSWeG8jYfCDBbxm3UOOzEdGhsOVE1.yBAUCFun6gQMgIxW94S','god','2016-09-09 19:00:46','2017-06-14 04:30:18',NULL,1497414618,1000000,100000),(37,'user6','$2y$10$RTbpoyk5WwAc87ncKGC09e22dntkqHxEdESeRWaL.ZhmGgmgn.f2.','investor','2016-09-09 19:00:46','2017-06-14 04:30:18','bVsLC11gqqTGn38WdMXp7300I39vtFqeawGc5ZnVpZT9rJsNbypagr9Z0eu4',1497414618,500000,50000),(38,'user7','$2y$10$2BTjwiHJF6b8GwTUnnwZi.sN3EGSWvk5LB1.XWUC.CoFPEqILo50K','investor','2016-09-09 19:00:46','2017-06-14 04:54:27',NULL,1497416067,200373,50000),(39,'user8','$2y$10$HK0bMf.w7YFWAk22yQQNX.TByN1zyrDykcRLDTYAxEOFl28oCKOje','investor','2016-09-09 19:00:46','2017-06-14 04:30:18','aJy8yhX9cGJsbGJZIhqJCEwruuCzPQU7CHtmGv2TwhAw1ks4iAeMjYctiEC4',1497414618,500000,50000),(40,'user9','$2y$10$XbRaUc6Uar9Ul3dXdRINH.Ip3pDB9vRXv7MhwcHOvyhK473M6.ccO','investor','2016-09-09 19:00:46','2017-06-14 04:30:18',NULL,1497414618,500000,50000),(41,'user10','$2y$10$jRDbEAZeN6HcMITp9q5h5.vy8umZKy40ZkdbCW9F3ai6EHe6zpCvm','investor','2016-09-09 19:00:46','2017-06-14 04:30:18',NULL,1497414618,500000,50000),(42,'user11','$2y$10$G1/Zny3tqY/ZaA0RzbsFteX1aw32oLJfl0OYUCuA1jnH7Iflj4vlq','investor','2016-09-09 19:02:24','2017-06-14 04:30:18',NULL,1497414618,500000,50000),(43,'user12','$2y$10$Fjz6qNyJIGFXPKtyzjkv9.tz2ONtpy1HFGvQ8hkD7qzEtkcsa8qzm','investor','2016-09-09 19:00:46','2017-06-14 04:30:19',NULL,1497414618,500000,50000),(44,'user13','$2y$10$aL6iDpSqjO4mCZqbSjBBQ.3GIf/zbNmzWB7RoH/FgpGLdcsnDS3DC','investor','2016-09-09 19:00:46','2017-06-14 04:30:19',NULL,1497414618,500000,50000),(45,'user14','$2y$10$pnwvd5/XEN3Oj3rllsHqMetXmFmxks5sRZz8d4MAdLl1AsgmKoCGK','investor','2016-09-09 19:00:46','2017-06-14 04:30:19',NULL,1497414618,500000,50000),(46,'user15','$2y$10$Y0Pcni4B6KWiHyKc/c7PhunQwENacmrAxsV2mBXYZ7FxE.AjIzTBq','investor','2016-09-09 19:00:46','2017-06-14 04:30:19',NULL,1497414618,500000,50000),(47,'user16','$2y$10$98ygVupbLaSOOeRjV2js7uKQDMlXRGqsBVEqKUKTryLeuEtvbXxvW','investor','2016-09-09 19:00:47','2017-06-14 04:30:19',NULL,1497414618,500000,50000),(48,'user17','$2y$10$CTP4R3O7mObwNgaJYTVJX.QJBoEJIVYAvenJ3IitfaLNij7tyMAp2','investor','2016-09-09 19:00:47','2017-06-14 04:30:19',NULL,1497414618,500000,50000),(49,'user18','$2y$10$VmFgtLS/0pmxRG6/MEIMt.zDkHbJyOsznznBMJzmeNDH3mbWiODGa','investor','2016-09-09 19:00:47','2017-06-14 04:30:19',NULL,1497414618,500000,50000),(50,'user19','$2y$10$XGoC6OvSQ0EEfayR5t9EM.uHJ4598pLOWj1GvSChVt4uG1lymev/W','investor','2016-09-09 19:00:47','2017-06-14 04:30:19',NULL,1497414618,500000,50000),(51,'user20','$2y$10$qiaMg2pL/IPkF..JwyNuhePp0CurWnJ8VDSByTAliry/3jOuAB9pS','investor','2016-09-09 19:00:47','2017-06-14 04:30:19',NULL,1497414618,500000,50000),(52,'user21','$2y$10$Y93QImuuRqKpZfpRmlq4UOEgk4axz5YDP6PPncHzOKBlPa5NzIPFe','investor','2016-09-09 19:00:47','2017-06-14 04:30:19',NULL,1497414618,500000,50000),(53,'user22','$2y$10$9vmhzoxP5e3xLyoAoQfpv./4T.pcpyl85iasZxb7XhllrrhN/8Kn2','farmer','2016-09-09 19:00:47','2017-06-14 04:30:19',NULL,1497414618,40000,4000),(54,'user23','$2y$10$hk4UVZTldgN1B73or/ZGXOHR.RX30vk7pEFJrwwAj3LOCammVGZb.','farmer','2016-09-09 19:00:47','2017-06-14 04:30:19',NULL,1497414618,40000,4000),(55,'user24','$2y$10$cIVAebQbTZbmrJ9m9PpvF.lGs4ggsOSoxYhNWZKGUrGvaLsPsaaK2','farmer','2016-09-09 19:00:47','2017-06-14 04:30:19',NULL,1497414618,40000,4000),(56,'user25','$2y$10$54ulL4/1KMEm1..0lGLKVe0X9oMrgIayDtwmBwqJY2OYfWwsAW.nq','farmer','2016-09-09 19:00:47','2017-06-14 04:30:19',NULL,1497414618,40000,4000),(57,'user26','$2y$10$T8t9HESEC2HRGAKIM3hgP.VbIv4LDmDa4E1zxrsJRB7v38020IqFi','farmer','2016-09-09 19:00:47','2017-06-14 04:30:19',NULL,1497414618,40000,4000),(58,'user27','$2y$10$Mka3KLSOGAmDmIXArbMjqev.ybXqV6j42tCu6BsSeBdqR7/g52Jbm','farmer','2016-09-09 19:00:47','2017-06-14 04:30:19',NULL,1497414618,40000,4000),(59,'user28','$2y$10$/YS4Gn1w16e.oc/TIhZIdeYq9l3ha.eVqDidWPMr9.1zC7Cx9f3q2','farmer','2016-09-09 19:00:47','2017-06-14 04:30:19',NULL,1497414618,40000,4000),(60,'user29','$2y$10$7vBLBsWwOE784PbEZM8OFOdrrezrGAX8/38xKVXk2O81leNlb6jlK','farmer','2016-09-09 19:00:47','2017-06-14 04:30:19',NULL,1497414618,40000,4000),(61,'user30','$2y$10$1S6YQnYiC8VZnXx4fRJoTu5ADCVlFvGXEjIkju3NXF6yObc1WCyxO','farmer','2016-09-09 19:00:47','2017-06-14 04:30:19',NULL,1497414618,40000,4000);
/*!40000 ALTER TABLE `users` ENABLE KEYS */;
UNLOCK TABLES;
/*!40103 SET TIME_ZONE=@OLD_TIME_ZONE */;

/*!40101 SET SQL_MODE=@OLD_SQL_MODE */;
/*!40014 SET FOREIGN_KEY_CHECKS=@OLD_FOREIGN_KEY_CHECKS */;
/*!40014 SET UNIQUE_CHECKS=@OLD_UNIQUE_CHECKS */;
/*!40101 SET CHARACTER_SET_CLIENT=@OLD_CHARACTER_SET_CLIENT */;
/*!40101 SET CHARACTER_SET_RESULTS=@OLD_CHARACTER_SET_RESULTS */;
/*!40101 SET COLLATION_CONNECTION=@OLD_COLLATION_CONNECTION */;
/*!40111 SET SQL_NOTES=@OLD_SQL_NOTES */;

-- Dump completed on 2017-06-14 10:25:39
