-- MySQL dump 10.13  Distrib 5.7.19, for Linux (x86_64)
--
-- Host: 127.0.0.1    Database: techno_online
-- ------------------------------------------------------
-- Server version	5.7.19-0ubuntu0.16.04.1

/*!40101 SET @OLD_CHARACTER_SET_CLIENT=@@CHARACTER_SET_CLIENT */;
/*!40101 SET @OLD_CHARACTER_SET_RESULTS=@@CHARACTER_SET_RESULTS */;
/*!40101 SET @OLD_COLLATION_CONNECTION=@@COLLATION_CONNECTION */;
/*!40101 SET NAMES utf8 */;
/*!40103 SET @OLD_TIME_ZONE=@@TIME_ZONE */;
/*!40103 SET TIME_ZONE='+00:00' */;
/*!40014 SET @OLD_UNIQUE_CHECKS=@@UNIQUE_CHECKS, UNIQUE_CHECKS=0 */;
/*!40014 SET @OLD_FOREIGN_KEY_CHECKS=@@FOREIGN_KEY_CHECKS, FOREIGN_KEY_CHECKS=0 */;
/*!40101 SET @OLD_SQL_MODE=@@SQL_MODE, SQL_MODE='NO_AUTO_VALUE_ON_ZERO' */;
/*!40111 SET @OLD_SQL_NOTES=@@SQL_NOTES, SQL_NOTES=0 */;

--
-- Table structure for table `commons`
--

DROP TABLE IF EXISTS `commons`;
/*!40101 SET @saved_cs_client     = @@character_set_client */;
/*!40101 SET character_set_client = utf8 */;
CREATE TABLE `commons` (
  `id` int(11) NOT NULL AUTO_INCREMENT,
  `category` enum('god','investor','farmer') NOT NULL,
  `sysLE` int(11) NOT NULL,
  `upperTHR` int(11) NOT NULL,
  `lowerTHR` int(11) NOT NULL,
  `prev_time` int(11) NOT NULL,
  `created_at` timestamp NULL DEFAULT CURRENT_TIMESTAMP,
  `updated_at` timestamp NULL DEFAULT CURRENT_TIMESTAMP,
  PRIMARY KEY (`id`)
) ENGINE=InnoDB AUTO_INCREMENT=4 DEFAULT CHARSET=latin1;
/*!40101 SET character_set_client = @saved_cs_client */;

--
-- Dumping data for table `commons`
--

LOCK TABLES `commons` WRITE;
/*!40000 ALTER TABLE `commons` DISABLE KEYS */;
INSERT INTO `commons` VALUES (1,'god',12180165,1096215,60901,1504139584,'2016-10-11 03:15:05','2017-08-31 00:33:04'),(2,'investor',12179962,60900,6090,1504139584,'2016-10-11 03:15:05','2017-08-31 00:33:04'),(3,'farmer',13320061,6660,666,1504116223,'2016-10-11 03:15:05','2017-08-30 18:03:43');
/*!40000 ALTER TABLE `commons` ENABLE KEYS */;
UNLOCK TABLES;

--
-- Table structure for table `farmers`
--

DROP TABLE IF EXISTS `farmers`;
/*!40101 SET @saved_cs_client     = @@character_set_client */;
/*!40101 SET character_set_client = utf8 */;
CREATE TABLE `farmers` (
  `id` int(11) NOT NULL AUTO_INCREMENT,
  `user_id` int(11) NOT NULL,
  `created_at` timestamp NOT NULL DEFAULT CURRENT_TIMESTAMP ON UPDATE CURRENT_TIMESTAMP,
  `updated_at` timestamp NOT NULL DEFAULT '0000-00-00 00:00:00',
  `decay` float NOT NULL DEFAULT '2',
  PRIMARY KEY (`id`),
  UNIQUE KEY `user_id_UNIQUE` (`user_id`)
) ENGINE=InnoDB AUTO_INCREMENT=167 DEFAULT CHARSET=latin1;
/*!40101 SET character_set_client = @saved_cs_client */;

--
-- Dumping data for table `farmers`
--

LOCK TABLES `farmers` WRITE;
/*!40000 ALTER TABLE `farmers` DISABLE KEYS */;
INSERT INTO `farmers` VALUES (137,32,'2017-06-10 06:39:59','2017-06-10 06:39:59',2),(138,33,'2017-06-10 06:39:59','2017-06-10 06:39:59',2),(139,34,'2017-06-10 06:39:59','2017-06-10 06:39:59',2),(140,35,'2017-06-10 06:39:59','2017-06-10 06:39:59',2),(141,36,'2017-06-10 06:39:59','2017-06-10 06:39:59',2),(142,37,'2017-06-10 06:39:59','2017-06-10 06:39:59',2),(143,38,'2017-06-10 06:39:59','2017-06-10 06:39:59',2),(144,39,'2017-06-10 06:40:00','2017-06-10 06:40:00',2),(145,40,'2017-06-10 06:40:00','2017-06-10 06:40:00',2),(146,41,'2017-06-10 06:40:00','2017-06-10 06:40:00',2),(147,42,'2017-06-12 18:15:53','2017-06-12 18:15:53',97),(148,43,'2017-06-10 06:40:00','2017-06-10 06:40:00',2),(149,44,'2017-06-10 06:40:00','2017-06-10 06:40:00',2),(150,45,'2017-06-10 06:40:00','2017-06-10 06:40:00',2),(151,46,'2017-06-10 06:40:00','2017-06-10 06:40:00',2),(152,47,'2017-06-10 06:40:00','2017-06-10 06:40:00',2),(153,48,'2017-06-10 06:40:00','2017-06-10 06:40:00',2),(154,49,'2017-06-10 06:40:00','2017-06-10 06:40:00',2),(155,50,'2017-06-10 06:40:00','2017-06-10 06:40:00',2),(156,51,'2017-06-10 06:40:00','2017-06-10 06:40:00',2),(157,52,'2017-06-10 06:40:01','2017-06-10 06:40:01',2),(158,53,'2017-06-10 06:40:01','2017-06-10 06:40:01',2),(159,54,'2017-08-30 15:05:42','2017-08-30 15:05:42',22.2642),(160,55,'2017-06-10 06:40:01','2017-06-10 06:40:01',2),(161,56,'2017-08-29 12:28:49','2017-08-29 12:28:49',20.2337),(162,57,'2017-08-30 16:53:16','2017-08-30 16:53:16',0.005),(163,58,'2017-06-10 06:40:01','2017-06-10 06:40:01',2),(164,59,'2017-06-10 06:40:01','2017-06-10 06:40:01',2),(165,60,'2017-06-10 06:40:01','2017-06-10 06:40:01',2),(166,61,'2017-06-10 06:40:01','2017-06-10 06:40:01',2);
/*!40000 ALTER TABLE `farmers` ENABLE KEYS */;
UNLOCK TABLES;

--
-- Table structure for table `fertilizers`
--

DROP TABLE IF EXISTS `fertilizers`;
/*!40101 SET @saved_cs_client     = @@character_set_client */;
/*!40101 SET character_set_client = utf8 */;
CREATE TABLE `fertilizers` (
  `id` int(11) NOT NULL AUTO_INCREMENT,
  `product_id` int(11) DEFAULT NULL,
  `created_at` timestamp NOT NULL DEFAULT CURRENT_TIMESTAMP ON UPDATE CURRENT_TIMESTAMP,
  `updated_at` timestamp NOT NULL DEFAULT '0000-00-00 00:00:00',
  `quality_factor` float(3,3) NOT NULL,
  PRIMARY KEY (`id`)
) ENGINE=InnoDB AUTO_INCREMENT=42 DEFAULT CHARSET=latin1;
/*!40101 SET character_set_client = @saved_cs_client */;

--
-- Dumping data for table `fertilizers`
--

LOCK TABLES `fertilizers` WRITE;
/*!40000 ALTER TABLE `fertilizers` DISABLE KEYS */;
INSERT INTO `fertilizers` VALUES (1,3,'2016-08-31 23:08:35','2016-08-31 23:08:35',0.000),(2,4,'2016-08-31 23:08:36','2016-08-31 23:08:36',0.000),(3,8,'2016-08-31 23:08:36','2016-08-31 23:08:36',0.000),(4,9,'2016-08-31 23:08:36','2016-08-31 23:08:36',0.000),(5,11,'2016-08-31 23:08:36','2016-08-31 23:08:36',0.000),(6,17,'2016-08-31 23:08:36','2016-08-31 23:08:36',0.000),(7,18,'2016-08-31 23:08:36','2016-08-31 23:08:36',0.000),(8,21,'2016-08-31 23:08:36','2016-08-31 23:08:36',0.000),(9,24,'2016-08-31 23:08:36','2016-08-31 23:08:36',0.000),(10,25,'2016-08-31 23:08:36','2016-08-31 23:08:36',0.000),(11,26,'2016-08-31 23:08:36','2016-08-31 23:08:36',0.000),(12,34,'2016-08-31 23:08:36','2016-08-31 23:08:36',0.000),(13,37,'2016-08-31 23:08:36','2016-08-31 23:08:36',0.000),(14,38,'2016-08-31 23:08:36','2016-08-31 23:08:36',0.000),(15,40,'2016-08-31 23:08:36','2016-08-31 23:08:36',0.000),(16,42,'2016-08-31 23:08:36','2016-08-31 23:08:36',0.000),(17,45,'2016-08-31 23:08:36','2016-08-31 23:08:36',0.000),(18,48,'2016-08-31 23:08:36','2016-08-31 23:08:36',0.000),(19,49,'2016-08-31 23:08:36','2016-08-31 23:08:36',0.000),(20,51,'2016-08-31 23:08:36','2016-08-31 23:08:36',0.000),(21,55,'2016-08-31 23:08:36','2016-08-31 23:08:36',0.000),(22,56,'2016-08-31 23:08:36','2016-08-31 23:08:36',0.000),(23,58,'2016-08-31 23:08:36','2016-08-31 23:08:36',0.000),(24,62,'2016-08-31 23:08:36','2016-08-31 23:08:36',0.000),(25,64,'2016-08-31 23:08:37','2016-08-31 23:08:37',0.000),(26,65,'2016-08-31 23:08:37','2016-08-31 23:08:37',0.000),(27,66,'2016-08-31 23:08:37','2016-08-31 23:08:37',0.000),(28,69,'2016-08-31 23:08:37','2016-08-31 23:08:37',0.000),(29,71,'2016-08-31 23:08:37','2016-08-31 23:08:37',0.000),(30,73,'2016-08-31 23:08:37','2016-08-31 23:08:37',0.000),(31,79,'2016-08-31 23:08:37','2016-08-31 23:08:37',0.000),(32,80,'2016-08-31 23:08:37','2016-08-31 23:08:37',0.000),(33,81,'2016-08-31 23:08:37','2016-08-31 23:08:37',0.000),(34,82,'2016-08-31 23:08:37','2016-08-31 23:08:37',0.000),(35,87,'2016-08-31 23:08:37','2016-08-31 23:08:37',0.000),(36,90,'2016-08-31 23:08:37','2016-08-31 23:08:37',0.000),(37,95,'2016-08-31 23:08:37','2016-08-31 23:08:37',0.000),(38,97,'2016-08-31 23:08:37','2016-08-31 23:08:37',0.000),(39,99,'2016-08-31 23:08:38','2016-08-31 23:08:38',0.000),(40,129,'2016-09-09 18:43:40','2016-09-09 18:43:40',0.000),(41,144,'2016-09-27 09:42:21','2016-09-27 09:42:21',0.000);
/*!40000 ALTER TABLE `fertilizers` ENABLE KEYS */;
UNLOCK TABLES;

--
-- Table structure for table `fruitbills`
--

DROP TABLE IF EXISTS `fruitbills`;
/*!40101 SET @saved_cs_client     = @@character_set_client */;
/*!40101 SET character_set_client = utf8 */;
CREATE TABLE `fruitbills` (
  `id` int(11) NOT NULL AUTO_INCREMENT,
  `fruit_id` int(11) DEFAULT NULL,
  `buy_price` int(11) NOT NULL,
  `num_units` int(11) NOT NULL,
  `avl_units` int(11) NOT NULL,
  `created_at` timestamp NOT NULL DEFAULT CURRENT_TIMESTAMP ON UPDATE CURRENT_TIMESTAMP,
  `updated_at` timestamp NOT NULL DEFAULT '0000-00-00 00:00:00',
  `investor_id` int(11) DEFAULT NULL,
  PRIMARY KEY (`id`)
) ENGINE=InnoDB AUTO_INCREMENT=159 DEFAULT CHARSET=latin1;
/*!40101 SET character_set_client = @saved_cs_client */;

--
-- Dumping data for table `fruitbills`
--

LOCK TABLES `fruitbills` WRITE;
/*!40000 ALTER TABLE `fruitbills` DISABLE KEYS */;
INSERT INTO `fruitbills` VALUES (1,1,1234,12,12,'2016-10-08 06:33:43','0000-00-00 00:00:00',1),(147,2,4,10,10,'2016-10-08 08:04:45','2016-10-08 08:04:45',6),(150,10,2095,7,7,'2016-10-11 12:39:26','2016-10-08 17:41:32',2),(152,10,423,2,2,'2016-10-11 10:41:24','2016-10-11 10:41:24',6),(153,9,179,6,6,'2016-10-11 10:41:34','2016-10-11 10:41:34',6),(154,5,25,10,10,'2016-10-11 12:40:48','2016-10-11 12:40:48',6),(155,10,254,6,6,'2016-10-11 12:46:01','2016-10-11 12:46:01',6),(156,6,2,6,6,'2016-10-11 12:55:51','2016-10-11 12:55:51',6),(157,10,334,10,10,'2016-10-14 21:22:56','2016-10-14 21:22:56',2),(158,9,215,1,1,'2016-10-14 21:23:22','2016-10-14 21:23:22',2);
/*!40000 ALTER TABLE `fruitbills` ENABLE KEYS */;
UNLOCK TABLES;

--
-- Table structure for table `fruits`
--

DROP TABLE IF EXISTS `fruits`;
/*!40101 SET @saved_cs_client     = @@character_set_client */;
/*!40101 SET character_set_client = utf8 */;
CREATE TABLE `fruits` (
  `id` int(11) NOT NULL AUTO_INCREMENT,
  `created_at` timestamp NULL DEFAULT NULL,
  `launched` tinyint(4) DEFAULT NULL,
  `updated_at` timestamp NULL DEFAULT NULL,
  `num_units` int(11) NOT NULL DEFAULT '0',
  `avl_units` int(11) NOT NULL,
  `unit_price` int(11) DEFAULT NULL,
  `seed_id` int(11) DEFAULT NULL,
  `storage_le` int(11) NOT NULL DEFAULT '100',
  `launched_at` int(11) DEFAULT NULL,
  `sell_price` varchar(45) DEFAULT NULL,
  `quality_factor` int(11) NOT NULL DEFAULT '37',
  `name` varchar(45) DEFAULT NULL,
  `farmer_id` int(11) NOT NULL DEFAULT '1',
  `ET` int(11) DEFAULT NULL,
  `description` varchar(50) NOT NULL DEFAULT '',
  PRIMARY KEY (`id`)
) ENGINE=InnoDB AUTO_INCREMENT=30 DEFAULT CHARSET=latin1;
/*!40101 SET character_set_client = @saved_cs_client */;

--
-- Dumping data for table `fruits`
--

LOCK TABLES `fruits` WRITE;
/*!40000 ALTER TABLE `fruits` DISABLE KEYS */;
INSERT INTO `fruits` VALUES (2,'2016-09-04 01:00:43',1,'2017-06-26 05:55:47',15,10,NULL,4,100,1498456547,'120',37,NULL,1,5,''),(5,'2016-09-04 01:04:34',1,'2017-06-26 05:55:47',15,10,NULL,1,100,1498456547,'120',37,NULL,1,5,''),(6,'2016-10-07 18:53:32',1,'2017-06-26 05:55:47',15,10,NULL,4,100,1498456547,NULL,10,'myFruit',1,5,'description'),(7,'2016-10-07 19:13:59',1,'2017-06-26 05:55:47',15,10,115,4,1151,1498456547,'4832.1',17,'myFruit',1,18,'description'),(8,'2016-10-07 19:14:51',1,'2017-06-26 05:55:48',15,10,115,4,1151,1498456547,'287.625',17,'myFruit',1,18,'description'),(9,'2016-10-07 19:18:51',1,'2017-06-26 05:55:48',15,10,115,4,127,1498456547,'31.63875',17,'myFruit',1,18,'description'),(10,'2016-10-08 17:37:33',1,'2017-06-26 05:55:48',15,10,237,4,249,1498456547,'88.1133435',51,'myFruit',1,21,'description'),(11,'2016-10-12 08:17:17',0,'2017-06-26 05:55:48',15,10,NULL,1,100,1498456547,NULL,37,NULL,15,NULL,''),(12,'2016-10-12 08:17:17',0,'2017-06-26 05:55:48',15,10,NULL,3,100,1498456547,NULL,37,NULL,15,NULL,''),(13,'2016-10-12 08:17:17',0,'2017-06-26 05:55:48',15,10,NULL,4,100,1498456547,NULL,37,NULL,15,NULL,''),(14,'2016-10-12 08:17:17',0,'2017-06-26 05:55:48',15,10,NULL,5,100,1498456547,NULL,37,NULL,15,NULL,''),(15,'2016-10-12 08:17:18',0,'2017-06-26 05:55:48',15,10,NULL,6,100,1498456547,NULL,37,NULL,15,NULL,''),(16,'2016-10-12 08:18:18',0,'2017-06-26 05:55:48',15,10,NULL,1,100,1498456547,NULL,37,NULL,1,NULL,''),(17,'2016-10-12 08:18:18',0,'2017-06-26 05:55:49',15,10,NULL,3,100,1498456547,NULL,37,NULL,1,NULL,''),(18,'2016-10-12 08:18:18',0,'2017-06-26 05:55:49',15,10,NULL,4,100,1498456547,NULL,37,NULL,1,NULL,''),(19,'2016-10-12 08:18:18',0,'2017-06-26 05:55:49',15,10,NULL,5,100,1498456547,NULL,37,NULL,1,NULL,''),(20,'2016-10-12 08:18:18',0,'2017-06-26 05:55:49',15,10,NULL,6,100,1498456547,NULL,37,NULL,1,NULL,''),(21,'2017-06-26 06:05:39',0,'2017-06-26 06:05:39',0,0,NULL,10,100,NULL,NULL,37,NULL,162,NULL,''),(22,'2017-06-26 06:07:49',0,'2017-06-26 06:07:49',0,0,NULL,11,100,NULL,NULL,37,NULL,162,NULL,''),(23,'2017-06-26 11:29:28',0,'2017-06-26 11:29:28',0,0,NULL,12,100,NULL,NULL,37,NULL,162,NULL,''),(24,'2017-06-26 11:30:07',0,'2017-06-26 11:30:07',0,0,NULL,13,100,NULL,NULL,37,NULL,162,NULL,''),(25,'2017-06-26 11:30:54',0,'2017-06-26 11:30:54',0,0,NULL,14,100,NULL,NULL,37,NULL,162,NULL,''),(26,'2017-06-26 11:32:21',0,'2017-06-26 11:32:21',0,0,NULL,15,100,NULL,NULL,37,NULL,162,NULL,''),(27,'2017-06-26 11:33:25',0,'2017-06-26 11:33:25',0,0,NULL,16,100,NULL,NULL,37,NULL,162,NULL,''),(28,'2017-08-30 13:15:17',0,'2017-08-30 13:15:17',0,0,NULL,4,100,NULL,NULL,37,NULL,162,NULL,''),(29,'2017-08-30 13:15:19',0,'2017-08-30 13:15:19',0,0,NULL,5,100,NULL,NULL,37,NULL,162,NULL,'');
/*!40000 ALTER TABLE `fruits` ENABLE KEYS */;
UNLOCK TABLES;

--
-- Table structure for table `gods`
--

DROP TABLE IF EXISTS `gods`;
/*!40101 SET @saved_cs_client     = @@character_set_client */;
/*!40101 SET character_set_client = utf8 */;
CREATE TABLE `gods` (
  `id` int(11) NOT NULL AUTO_INCREMENT,
  `user_id` int(11) NOT NULL,
  `created_at` timestamp NOT NULL DEFAULT CURRENT_TIMESTAMP ON UPDATE CURRENT_TIMESTAMP,
  `updated_at` timestamp NOT NULL DEFAULT '0000-00-00 00:00:00',
  `decay` int(11) NOT NULL DEFAULT '166',
  PRIMARY KEY (`id`)
) ENGINE=InnoDB AUTO_INCREMENT=31 DEFAULT CHARSET=latin1;
/*!40101 SET character_set_client = @saved_cs_client */;

--
-- Dumping data for table `gods`
--

LOCK TABLES `gods` WRITE;
/*!40000 ALTER TABLE `gods` DISABLE KEYS */;
INSERT INTO `gods` VALUES (1,32,'2017-08-31 00:33:04','2017-08-31 00:33:04',0),(2,37,'2016-10-11 09:49:03','2016-09-04 02:56:38',166),(3,33,'2016-09-03 19:00:35','2016-09-03 11:24:57',10000),(4,34,'2017-08-30 23:37:35','2017-08-30 23:37:35',2224),(5,35,'2017-06-10 20:26:38','2017-06-10 20:26:38',1953),(6,36,'2016-09-04 02:56:37','2016-09-04 02:56:37',155964),(7,46,'2016-09-04 02:51:08','2016-09-04 02:51:08',166),(8,38,'2017-06-10 06:41:25','2017-06-10 06:41:25',166),(9,39,'2017-06-10 06:41:25','2017-06-10 06:41:25',166),(10,40,'2017-06-10 06:41:25','2017-06-10 06:41:25',166),(11,41,'2017-06-10 06:41:25','2017-06-10 06:41:25',166),(12,42,'2017-06-10 06:41:26','2017-06-10 06:41:26',166),(13,43,'2017-06-10 06:41:26','2017-06-10 06:41:26',166),(14,44,'2017-06-10 06:41:26','2017-06-10 06:41:26',166),(15,45,'2017-06-10 06:41:26','2017-06-10 06:41:26',166),(16,47,'2017-06-10 06:41:26','2017-06-10 06:41:26',166),(17,48,'2017-06-10 06:41:26','2017-06-10 06:41:26',166),(18,49,'2017-06-10 06:41:26','2017-06-10 06:41:26',166),(19,50,'2017-06-10 06:41:26','2017-06-10 06:41:26',166),(20,51,'2017-06-10 06:41:26','2017-06-10 06:41:26',166),(21,52,'2017-06-10 06:41:27','2017-06-10 06:41:27',166),(22,53,'2017-06-10 06:41:27','2017-06-10 06:41:27',166),(23,54,'2017-06-10 06:41:27','2017-06-10 06:41:27',166),(24,55,'2017-06-10 06:41:27','2017-06-10 06:41:27',166),(25,56,'2017-06-10 06:41:27','2017-06-10 06:41:27',166),(26,57,'2017-06-10 06:41:27','2017-06-10 06:41:27',166),(27,58,'2017-06-10 06:41:27','2017-06-10 06:41:27',166),(28,59,'2017-06-10 06:41:27','2017-06-10 06:41:27',166),(29,60,'2017-06-10 06:41:28','2017-06-10 06:41:28',166),(30,61,'2017-06-10 06:41:28','2017-06-10 06:41:28',166);
/*!40000 ALTER TABLE `gods` ENABLE KEYS */;
UNLOCK TABLES;

--
-- Table structure for table `investments`
--

DROP TABLE IF EXISTS `investments`;
/*!40101 SET @saved_cs_client     = @@character_set_client */;
/*!40101 SET character_set_client = utf8 */;
CREATE TABLE `investments` (
  `id` int(11) NOT NULL AUTO_INCREMENT,
  `investor_id` int(11) NOT NULL,
  `product_id` int(11) NOT NULL,
  `bid_price` int(11) DEFAULT NULL,
  `created_at` timestamp NOT NULL DEFAULT CURRENT_TIMESTAMP ON UPDATE CURRENT_TIMESTAMP,
  `updated_at` timestamp NOT NULL DEFAULT CURRENT_TIMESTAMP ON UPDATE CURRENT_TIMESTAMP,
  `num_shares` int(11) DEFAULT '10',
  `amt_ret` int(11) NOT NULL,
  PRIMARY KEY (`id`)
) ENGINE=InnoDB AUTO_INCREMENT=19 DEFAULT CHARSET=latin1;
/*!40101 SET character_set_client = @saved_cs_client */;

--
-- Dumping data for table `investments`
--

LOCK TABLES `investments` WRITE;
/*!40000 ALTER TABLE `investments` DISABLE KEYS */;
INSERT INTO `investments` VALUES (1,2,4,91,'2017-08-30 18:45:56','2017-08-30 18:45:56',50,0),(2,6,55,31,'2017-08-30 18:45:56','2017-08-30 18:45:56',50,0),(3,2,60,268,'2017-08-30 18:45:56','2017-08-30 18:45:56',5,0),(4,2,61,1115,'2017-08-30 18:45:56','2017-08-30 18:45:56',1,0),(5,2,65,1915,'2017-08-30 18:45:56','2017-08-30 18:45:56',5,0),(6,2,66,362,'2017-08-30 18:45:56','2017-08-30 18:45:56',5,0),(7,2,67,326,'2017-08-30 18:45:56','2017-08-30 18:45:56',10,0),(8,2,67,330,'2017-08-30 18:45:56','2017-08-30 18:45:56',10,0),(9,6,84,527,'2017-08-30 20:15:50','2017-08-30 20:15:50',10,0),(10,6,82,1851,'2017-08-30 20:16:07','2017-08-30 20:16:07',10,0),(11,6,83,166,'2017-08-30 20:16:15','2017-08-30 20:16:15',10,0),(12,1,107,130,'2017-08-31 00:09:47','2017-08-31 00:09:47',10,0),(13,1,107,130,'2017-08-31 00:10:00','2017-08-31 00:10:00',40,0),(14,1,106,130,'2017-08-31 00:10:31','2017-08-31 00:10:31',50,0),(15,1,105,130,'2017-08-31 00:10:39','2017-08-31 00:10:39',50,0),(16,1,104,130,'2017-08-31 00:10:50','2017-08-31 00:10:50',50,0),(17,1,103,130,'2017-08-31 00:10:59','2017-08-31 00:10:59',50,0),(18,1,102,130,'2017-08-31 00:11:10','2017-08-31 00:11:10',50,0);
/*!40000 ALTER TABLE `investments` ENABLE KEYS */;
UNLOCK TABLES;

--
-- Table structure for table `investors`
--

DROP TABLE IF EXISTS `investors`;
/*!40101 SET @saved_cs_client     = @@character_set_client */;
/*!40101 SET character_set_client = utf8 */;
CREATE TABLE `investors` (
  `id` int(11) NOT NULL AUTO_INCREMENT,
  `user_id` int(11) NOT NULL,
  `created_at` timestamp NOT NULL DEFAULT CURRENT_TIMESTAMP ON UPDATE CURRENT_TIMESTAMP,
  `updated_at` timestamp NOT NULL DEFAULT '0000-00-00 00:00:00',
  `decay` float NOT NULL DEFAULT '2',
  PRIMARY KEY (`id`)
) ENGINE=InnoDB AUTO_INCREMENT=195 DEFAULT CHARSET=latin1;
/*!40101 SET character_set_client = @saved_cs_client */;

--
-- Dumping data for table `investors`
--

LOCK TABLES `investors` WRITE;
/*!40000 ALTER TABLE `investors` DISABLE KEYS */;
INSERT INTO `investors` VALUES (1,37,'2017-08-31 00:33:04','2017-08-31 00:33:04',203.003),(2,38,'2017-08-30 10:50:48','2017-08-30 10:50:48',0.005),(3,39,'2016-09-04 03:47:59','2016-09-04 03:47:59',122),(4,35,'2017-06-10 21:36:15','2017-06-10 21:36:15',194),(5,41,'2016-09-03 11:24:57','2016-09-03 11:24:57',50),(6,42,'2017-08-30 22:04:25','2017-08-30 22:04:25',218.691),(7,43,'2016-09-03 08:51:16','2016-09-02 18:20:02',50),(8,44,'2016-09-03 08:51:16','2016-09-02 18:20:02',50),(9,45,'2016-09-04 02:01:39','2016-09-04 02:01:39',15613),(10,46,'2016-09-03 08:51:16','2016-09-02 18:20:02',50),(26,0,'2016-09-04 02:44:25','2016-09-04 02:44:25',50),(27,0,'2016-09-04 02:44:26','2016-09-04 02:44:26',50),(28,0,'2016-09-04 02:44:27','2016-09-04 02:44:27',50),(29,0,'2016-09-04 02:44:28','2016-09-04 02:44:28',50),(30,0,'2016-09-04 02:44:30','2016-09-04 02:44:30',50),(31,0,'2016-09-04 02:44:30','2016-09-04 02:44:30',50),(32,0,'2016-09-04 02:44:31','2016-09-04 02:44:31',50),(33,0,'2016-09-04 02:44:32','2016-09-04 02:44:32',50),(34,0,'2016-09-04 02:44:33','2016-09-04 02:44:33',50),(35,0,'2016-09-04 02:44:34','2016-09-04 02:44:34',50),(36,0,'2016-09-04 02:44:35','2016-09-04 02:44:35',50),(37,0,'2016-09-04 02:44:36','2016-09-04 02:44:36',50),(38,0,'2016-09-04 02:44:37','2016-09-04 02:44:37',50),(39,0,'2016-09-04 02:44:38','2016-09-04 02:44:38',50),(40,0,'2016-09-04 02:44:39','2016-09-04 02:44:39',50),(41,0,'2016-09-04 02:44:40','2016-09-04 02:44:40',50),(42,0,'2016-09-04 02:44:41','2016-09-04 02:44:41',50),(43,0,'2016-09-04 02:44:42','2016-09-04 02:44:42',50),(44,0,'2016-09-04 02:44:43','2016-09-04 02:44:43',50),(45,0,'2016-09-04 02:44:44','2016-09-04 02:44:44',50),(46,0,'2016-09-04 02:44:45','2016-09-04 02:44:45',50),(47,0,'2016-09-04 02:44:46','2016-09-04 02:44:46',50),(48,0,'2016-09-04 02:44:47','2016-09-04 02:44:47',50),(49,0,'2016-09-04 02:44:48','2016-09-04 02:44:48',50),(50,0,'2016-09-04 02:44:49','2016-09-04 02:44:49',50),(51,0,'2016-09-04 02:44:50','2016-09-04 02:44:50',50),(52,0,'2016-09-04 02:44:51','2016-09-04 02:44:51',50),(53,0,'2016-09-04 02:44:52','2016-09-04 02:44:52',50),(54,0,'2016-09-04 02:44:53','2016-09-04 02:44:53',50),(55,0,'2016-09-04 02:44:54','2016-09-04 02:44:54',50),(56,0,'2016-09-04 02:44:55','2016-09-04 02:44:55',50),(57,0,'2016-09-04 02:44:56','2016-09-04 02:44:56',50),(58,0,'2016-09-04 02:44:57','2016-09-04 02:44:57',50),(59,0,'2016-09-04 02:44:58','2016-09-04 02:44:58',50),(60,0,'2016-09-04 02:44:59','2016-09-04 02:44:59',50),(61,0,'2016-09-04 02:45:00','2016-09-04 02:45:00',50),(62,0,'2016-09-04 02:45:01','2016-09-04 02:45:01',50),(63,0,'2016-09-04 02:45:02','2016-09-04 02:45:02',50),(64,0,'2016-09-04 02:45:03','2016-09-04 02:45:03',50),(65,0,'2016-09-04 02:45:04','2016-09-04 02:45:04',50),(66,0,'2016-09-04 02:45:05','2016-09-04 02:45:05',50),(67,0,'2016-09-04 02:45:06','2016-09-04 02:45:06',50),(68,0,'2016-09-04 02:45:07','2016-09-04 02:45:07',50),(69,0,'2016-09-04 02:45:08','2016-09-04 02:45:08',50),(70,0,'2016-09-04 02:45:09','2016-09-04 02:45:09',50),(71,0,'2016-09-04 02:45:10','2016-09-04 02:45:10',50),(72,0,'2016-09-04 02:45:11','2016-09-04 02:45:11',50),(73,0,'2016-09-04 02:45:12','2016-09-04 02:45:12',50),(74,0,'2016-09-04 02:45:13','2016-09-04 02:45:13',50),(75,0,'2016-09-04 02:45:14','2016-09-04 02:45:14',50),(76,0,'2016-09-04 02:45:15','2016-09-04 02:45:15',50),(77,0,'2016-09-04 02:45:16','2016-09-04 02:45:16',50),(78,0,'2016-09-04 02:45:17','2016-09-04 02:45:17',50),(79,0,'2016-09-04 02:45:18','2016-09-04 02:45:18',50),(80,0,'2016-09-04 02:45:19','2016-09-04 02:45:19',50),(81,0,'2016-09-04 02:45:20','2016-09-04 02:45:20',50),(82,0,'2016-09-04 02:45:22','2016-09-04 02:45:22',50),(83,0,'2016-09-04 02:45:24','2016-09-04 02:45:24',50),(84,0,'2016-09-04 02:45:24','2016-09-04 02:45:24',50),(85,0,'2016-09-04 02:45:26','2016-09-04 02:45:26',50),(86,0,'2016-09-04 02:45:26','2016-09-04 02:45:26',50),(87,0,'2016-09-04 02:45:28','2016-09-04 02:45:28',50),(88,0,'2016-09-04 02:45:28','2016-09-04 02:45:28',50),(89,0,'2016-09-04 02:45:30','2016-09-04 02:45:30',50),(90,0,'2016-09-04 02:45:31','2016-09-04 02:45:31',50),(91,0,'2016-09-04 02:45:31','2016-09-04 02:45:31',50),(92,0,'2016-09-04 02:45:32','2016-09-04 02:45:32',50),(93,0,'2016-09-04 02:45:34','2016-09-04 02:45:34',50),(94,0,'2016-09-04 02:45:34','2016-09-04 02:45:34',50),(95,0,'2016-09-04 02:45:36','2016-09-04 02:45:36',50),(96,0,'2016-09-04 02:45:36','2016-09-04 02:45:36',50),(97,0,'2016-09-04 02:45:38','2016-09-04 02:45:38',50),(98,0,'2016-09-04 02:45:39','2016-09-04 02:45:39',50),(99,0,'2016-09-04 02:45:40','2016-09-04 02:45:40',50),(100,0,'2016-09-04 02:45:40','2016-09-04 02:45:40',50),(101,0,'2016-09-04 02:45:41','2016-09-04 02:45:41',50),(102,0,'2016-09-04 02:45:43','2016-09-04 02:45:43',50),(103,0,'2016-09-04 02:45:43','2016-09-04 02:45:43',50),(104,0,'2016-09-04 02:45:44','2016-09-04 02:45:44',50),(105,0,'2016-09-04 02:45:46','2016-09-04 02:45:46',50),(106,0,'2016-09-04 02:45:47','2016-09-04 02:45:47',50),(107,0,'2016-09-04 02:45:48','2016-09-04 02:45:48',50),(108,0,'2016-09-04 02:45:48','2016-09-04 02:45:48',50),(109,0,'2016-09-04 02:45:50','2016-09-04 02:45:50',50),(110,0,'2016-09-04 02:45:51','2016-09-04 02:45:51',50),(111,0,'2016-09-04 02:45:52','2016-09-04 02:45:52',50),(112,0,'2016-09-04 02:45:52','2016-09-04 02:45:52',50),(113,0,'2016-09-04 02:45:53','2016-09-04 02:45:53',50),(114,0,'2016-09-04 02:45:54','2016-09-04 02:45:54',50),(115,0,'2016-09-04 02:45:56','2016-09-04 02:45:56',50),(116,0,'2016-09-04 02:45:57','2016-09-04 02:45:57',50),(117,0,'2016-09-04 02:45:58','2016-09-04 02:45:58',50),(118,0,'2016-09-04 02:45:59','2016-09-04 02:45:59',50),(119,0,'2016-09-04 02:45:59','2016-09-04 02:45:59',50),(120,0,'2016-09-04 02:46:01','2016-09-04 02:46:01',50),(121,0,'2016-09-04 02:46:02','2016-09-04 02:46:02',50),(122,0,'2016-09-04 02:46:03','2016-09-04 02:46:03',50),(123,0,'2016-09-04 02:46:03','2016-09-04 02:46:03',50),(124,0,'2016-09-04 02:46:04','2016-09-04 02:46:04',50),(125,0,'2016-09-04 02:46:06','2016-09-04 02:46:06',50),(126,0,'2016-09-04 02:46:07','2016-09-04 02:46:07',50),(127,0,'2016-09-04 02:46:08','2016-09-04 02:46:08',50),(128,0,'2016-09-04 02:46:09','2016-09-04 02:46:09',50),(129,0,'2016-09-04 02:46:09','2016-09-04 02:46:09',50),(130,0,'2016-09-04 02:46:11','2016-09-04 02:46:11',50),(131,0,'2016-09-04 02:46:12','2016-09-04 02:46:12',50),(132,0,'2016-09-04 02:46:12','2016-09-04 02:46:12',50),(133,0,'2016-09-04 02:46:13','2016-09-04 02:46:13',50),(134,0,'2016-09-04 02:46:14','2016-09-04 02:46:14',50),(135,0,'2016-09-04 02:46:15','2016-09-04 02:46:15',50),(136,0,'2016-09-04 02:46:16','2016-09-04 02:46:16',50),(137,0,'2016-09-04 02:46:18','2016-09-04 02:46:18',50),(138,0,'2016-09-04 02:46:18','2016-09-04 02:46:18',50),(139,0,'2016-09-04 02:46:19','2016-09-04 02:46:19',50),(140,0,'2016-09-04 02:46:20','2016-09-04 02:46:20',50),(141,0,'2016-09-04 02:46:22','2016-09-04 02:46:22',50),(142,0,'2016-09-04 02:46:23','2016-09-04 02:46:23',50),(143,0,'2016-09-04 02:46:23','2016-09-04 02:46:23',50),(144,0,'2016-09-04 02:46:24','2016-09-04 02:46:24',50),(145,0,'2016-09-04 02:46:26','2016-09-04 02:46:26',50),(146,0,'2016-09-04 02:46:26','2016-09-04 02:46:26',50),(147,0,'2016-09-04 02:46:28','2016-09-04 02:46:28',50),(148,0,'2016-09-04 02:46:29','2016-09-04 02:46:29',50),(149,0,'2016-09-04 02:46:29','2016-09-04 02:46:29',50),(150,0,'2016-09-04 02:46:30','2016-09-04 02:46:30',50),(151,0,'2016-09-04 02:46:31','2016-09-04 02:46:31',50),(152,0,'2016-09-04 02:46:33','2016-09-04 02:46:33',50),(153,0,'2016-09-04 02:46:34','2016-09-04 02:46:34',50),(154,0,'2016-09-04 02:46:34','2016-09-04 02:46:34',50),(155,0,'2016-09-04 02:46:36','2016-09-04 02:46:36',50),(156,0,'2016-09-04 02:46:37','2016-09-04 02:46:37',50),(157,0,'2016-09-04 02:46:37','2016-09-04 02:46:37',50),(158,0,'2016-09-04 02:46:38','2016-09-04 02:46:38',50),(159,0,'2016-09-04 02:46:39','2016-09-04 02:46:39',50),(160,0,'2016-09-04 02:46:41','2016-09-04 02:46:41',50),(161,0,'2016-09-04 02:46:42','2016-09-04 02:46:42',50),(162,0,'2016-09-04 02:46:42','2016-09-04 02:46:42',50),(163,0,'2016-09-04 02:46:44','2016-09-04 02:46:44',50),(164,0,'2016-09-04 02:46:44','2016-09-04 02:46:44',50),(165,0,'2016-09-04 02:46:46','2016-09-04 02:46:46',50),(166,0,'2016-09-04 02:46:47','2016-09-04 02:46:47',50),(167,0,'2016-09-04 02:46:48','2016-09-04 02:46:48',50),(168,0,'2016-09-04 02:46:49','2016-09-04 02:46:49',50),(169,0,'2016-09-04 02:46:50','2016-09-04 02:46:50',50),(170,0,'2016-09-04 02:47:40','2016-09-04 02:47:40',50),(171,0,'2016-09-04 02:47:41','2016-09-04 02:47:41',50),(172,0,'2016-09-04 02:47:42','2016-09-04 02:47:42',50),(173,0,'2016-09-04 02:51:08','2016-09-04 02:51:08',50),(174,0,'2016-09-04 02:56:38','2016-09-04 02:56:38',50),(175,32,'2017-06-10 06:41:25','2017-06-10 06:41:25',50),(176,33,'2017-06-10 06:41:25','2017-06-10 06:41:25',50),(177,34,'2017-06-13 16:20:36','2017-06-13 16:20:36',205),(178,36,'2017-06-10 06:41:25','2017-06-10 06:41:25',50),(179,40,'2017-06-10 06:41:25','2017-06-10 06:41:25',50),(180,47,'2017-06-10 06:41:26','2017-06-10 06:41:26',50),(181,48,'2017-06-10 06:41:26','2017-06-10 06:41:26',50),(182,49,'2017-06-10 06:41:26','2017-06-10 06:41:26',50),(183,50,'2017-06-10 06:41:26','2017-06-10 06:41:26',50),(184,51,'2017-06-10 06:41:26','2017-06-10 06:41:26',50),(185,52,'2017-06-10 06:41:27','2017-06-10 06:41:27',50),(186,53,'2017-06-10 06:41:27','2017-06-10 06:41:27',50),(187,54,'2017-06-10 06:41:27','2017-06-10 06:41:27',50),(188,55,'2017-06-10 06:41:27','2017-06-10 06:41:27',50),(189,56,'2017-06-10 06:41:27','2017-06-10 06:41:27',50),(190,57,'2017-06-10 06:41:27','2017-06-10 06:41:27',50),(191,58,'2017-06-10 06:41:27','2017-06-10 06:41:27',50),(192,59,'2017-06-10 06:41:27','2017-06-10 06:41:27',50),(193,60,'2017-06-10 06:41:28','2017-06-10 06:41:28',50),(194,61,'2017-06-10 06:41:28','2017-06-10 06:41:28',50);
/*!40000 ALTER TABLE `investors` ENABLE KEYS */;
UNLOCK TABLES;

--
-- Table structure for table `lands`
--

DROP TABLE IF EXISTS `lands`;
/*!40101 SET @saved_cs_client     = @@character_set_client */;
/*!40101 SET character_set_client = utf8 */;
CREATE TABLE `lands` (
  `id` int(11) NOT NULL AUTO_INCREMENT,
  `purchase_id` int(11) NOT NULL DEFAULT '4',
  `farmer_id` int(11) DEFAULT NULL,
  `seed_id` int(11) NOT NULL DEFAULT '-1',
  `fert_id` int(11) NOT NULL DEFAULT '-1',
  `GT` int(11) NOT NULL DEFAULT '5',
  `planted_at` int(11) NOT NULL,
  `created_at` timestamp NOT NULL DEFAULT CURRENT_TIMESTAMP,
  `updated_at` timestamp NOT NULL DEFAULT '0000-00-00 00:00:00',
  PRIMARY KEY (`id`)
) ENGINE=InnoDB AUTO_INCREMENT=83 DEFAULT CHARSET=latin1;
/*!40101 SET character_set_client = @saved_cs_client */;

--
-- Dumping data for table `lands`
--

LOCK TABLES `lands` WRITE;
/*!40000 ALTER TABLE `lands` DISABLE KEYS */;
INSERT INTO `lands` VALUES (1,4,12,-1,-1,999,1475845254,'2016-08-31 23:02:37','2016-10-07 13:24:01'),(3,4,12,-1,2,999,1476295979,'2016-08-31 23:02:37','2017-06-06 16:08:22'),(5,4,12,-1,2,999,1476295979,'2016-08-31 23:02:37','2017-06-07 20:23:45'),(7,4,12,-1,2,999,1476295861,'2016-08-31 23:02:37','2017-06-07 20:17:23'),(8,4,12,-1,-1,5,1475834975,'2016-08-31 23:02:37','2016-08-31 23:02:37'),(9,4,12,-1,2,999,1475834975,'2016-08-31 23:02:37','2016-11-14 19:39:03'),(10,8,15,-1,-1,999,1476256086,'2016-10-02 12:23:05','2016-10-12 07:53:28'),(11,8,15,-1,2,999,1476252949,'2016-10-07 19:39:57','2016-10-12 18:10:54'),(12,8,15,-1,-1,5,0,'2016-10-07 19:40:13','2016-10-07 19:40:13'),(13,8,15,-1,-1,999,1475948056,'2016-10-07 19:40:13','2016-10-08 17:48:37'),(14,8,15,-1,-1,5,0,'2016-10-12 18:13:11','2016-10-12 18:13:11'),(15,8,15,-1,-1,5,0,'2016-10-12 18:13:11','2016-10-12 18:13:11'),(16,9,15,-1,-1,5,0,'2016-10-15 05:56:39','2016-10-15 05:56:39'),(17,9,15,-1,-1,5,0,'2016-10-15 05:56:39','2016-10-15 05:56:39'),(18,9,12,-1,-1,5,0,'2016-11-14 19:39:14','2016-11-14 19:39:14'),(19,9,12,-1,-1,5,0,'2017-06-06 16:08:43','2017-06-06 16:08:43'),(20,9,12,-1,-1,5,0,'2017-06-06 16:08:43','2017-06-06 16:08:43'),(21,9,12,-1,-1,5,0,'2017-06-07 20:15:39','2017-06-07 20:15:39'),(22,7,137,-1,-1,5,0,'2017-08-30 14:25:55','2017-08-30 14:25:55'),(23,8,138,-1,-1,5,0,'2017-08-30 14:25:55','2017-08-30 14:25:55'),(24,9,139,-1,-1,5,0,'2017-08-30 14:25:55','2017-08-30 14:25:55'),(25,10,140,-1,-1,5,0,'2017-08-30 14:25:55','2017-08-30 14:25:55'),(26,11,141,-1,-1,5,0,'2017-08-30 14:25:56','2017-08-30 14:25:56'),(27,12,142,-1,-1,5,0,'2017-08-30 14:25:56','2017-08-30 14:25:56'),(28,13,143,-1,-1,5,0,'2017-08-30 14:25:56','2017-08-30 14:25:56'),(29,14,144,-1,-1,5,0,'2017-08-30 14:25:56','2017-08-30 14:25:56'),(30,15,145,-1,-1,5,0,'2017-08-30 14:25:56','2017-08-30 14:25:56'),(31,16,146,-1,-1,5,0,'2017-08-30 14:25:56','2017-08-30 14:25:56'),(32,17,147,-1,-1,5,0,'2017-08-30 14:25:56','2017-08-30 14:25:56'),(33,18,148,-1,-1,5,0,'2017-08-30 14:25:56','2017-08-30 14:25:56'),(34,19,149,-1,-1,5,0,'2017-08-30 14:25:56','2017-08-30 14:25:56'),(35,20,150,-1,-1,5,0,'2017-08-30 14:25:57','2017-08-30 14:25:57'),(36,21,151,-1,-1,5,0,'2017-08-30 14:25:57','2017-08-30 14:25:57'),(37,22,152,-1,-1,5,0,'2017-08-30 14:25:57','2017-08-30 14:25:57'),(38,23,153,-1,-1,5,0,'2017-08-30 14:25:57','2017-08-30 14:25:57'),(39,24,154,-1,-1,5,0,'2017-08-30 14:25:57','2017-08-30 14:25:57'),(40,25,155,-1,-1,5,0,'2017-08-30 14:25:57','2017-08-30 14:25:57'),(41,26,156,-1,-1,5,0,'2017-08-30 14:25:57','2017-08-30 14:25:57'),(42,27,157,-1,-1,5,0,'2017-08-30 14:25:57','2017-08-30 14:25:57'),(43,28,158,-1,-1,5,0,'2017-08-30 14:25:57','2017-08-30 14:25:57'),(44,29,159,-1,-1,5,0,'2017-08-30 14:25:57','2017-08-30 14:25:57'),(45,30,160,-1,-1,5,0,'2017-08-30 14:25:57','2017-08-30 14:25:57'),(46,31,161,-1,-1,5,0,'2017-08-30 14:25:57','2017-08-30 14:25:57'),(47,32,162,-1,-1,5,0,'2017-08-30 14:25:57','2017-08-30 14:25:57'),(48,33,163,-1,-1,5,0,'2017-08-30 14:25:57','2017-08-30 14:25:57'),(49,34,164,-1,-1,5,0,'2017-08-30 14:25:57','2017-08-30 14:25:57'),(50,35,165,-1,-1,5,0,'2017-08-30 14:25:58','2017-08-30 14:25:58'),(51,36,166,-1,-1,5,0,'2017-08-30 14:25:58','2017-08-30 14:25:58'),(52,2,162,-1,-1,5,0,'2017-08-30 14:26:15','2017-08-30 14:26:15'),(53,37,137,-1,-1,5,0,'2017-08-30 18:08:17','2017-08-30 18:08:17'),(54,38,138,-1,-1,5,0,'2017-08-30 18:08:17','2017-08-30 18:08:17'),(55,39,139,-1,-1,5,0,'2017-08-30 18:08:17','2017-08-30 18:08:17'),(56,40,140,-1,-1,5,0,'2017-08-30 18:08:18','2017-08-30 18:08:18'),(57,41,141,-1,-1,5,0,'2017-08-30 18:08:18','2017-08-30 18:08:18'),(58,42,142,-1,-1,5,0,'2017-08-30 18:08:18','2017-08-30 18:08:18'),(59,43,143,-1,-1,5,0,'2017-08-30 18:08:18','2017-08-30 18:08:18'),(60,44,144,-1,-1,5,0,'2017-08-30 18:08:18','2017-08-30 18:08:18'),(61,45,145,-1,-1,5,0,'2017-08-30 18:08:18','2017-08-30 18:08:18'),(62,46,146,-1,-1,5,0,'2017-08-30 18:08:18','2017-08-30 18:08:18'),(63,47,147,-1,-1,5,0,'2017-08-30 18:08:19','2017-08-30 18:08:19'),(64,48,148,-1,-1,5,0,'2017-08-30 18:08:19','2017-08-30 18:08:19'),(65,49,149,-1,-1,5,0,'2017-08-30 18:08:19','2017-08-30 18:08:19'),(66,50,150,-1,-1,5,0,'2017-08-30 18:08:19','2017-08-30 18:08:19'),(67,51,151,-1,-1,5,0,'2017-08-30 18:08:19','2017-08-30 18:08:19'),(68,52,152,-1,-1,5,0,'2017-08-30 18:08:19','2017-08-30 18:08:19'),(69,53,153,-1,-1,5,0,'2017-08-30 18:08:19','2017-08-30 18:08:19'),(70,54,154,-1,-1,5,0,'2017-08-30 18:08:19','2017-08-30 18:08:19'),(71,55,155,-1,-1,5,0,'2017-08-30 18:08:19','2017-08-30 18:08:19'),(72,56,156,-1,-1,5,0,'2017-08-30 18:08:19','2017-08-30 18:08:19'),(73,57,157,-1,-1,5,0,'2017-08-30 18:08:19','2017-08-30 18:08:19'),(74,58,158,-1,-1,5,0,'2017-08-30 18:08:19','2017-08-30 18:08:19'),(75,59,159,-1,-1,5,0,'2017-08-30 18:08:19','2017-08-30 18:08:19'),(76,60,160,-1,-1,5,0,'2017-08-30 18:08:20','2017-08-30 18:08:20'),(77,61,161,-1,-1,5,0,'2017-08-30 18:08:20','2017-08-30 18:08:20'),(78,62,162,-1,-1,5,0,'2017-08-30 18:08:20','2017-08-30 18:08:20'),(79,63,163,-1,-1,5,0,'2017-08-30 18:08:20','2017-08-30 18:08:20'),(80,64,164,-1,-1,5,0,'2017-08-30 18:08:20','2017-08-30 18:08:20'),(81,65,165,-1,-1,5,0,'2017-08-30 18:08:20','2017-08-30 18:08:20'),(82,66,166,-1,-1,5,0,'2017-08-30 18:08:20','2017-08-30 18:08:20');
/*!40000 ALTER TABLE `lands` ENABLE KEYS */;
UNLOCK TABLES;

--
-- Table structure for table `migrations`
--

DROP TABLE IF EXISTS `migrations`;
/*!40101 SET @saved_cs_client     = @@character_set_client */;
/*!40101 SET character_set_client = utf8 */;
CREATE TABLE `migrations` (
  `migration` varchar(255) COLLATE utf8_unicode_ci NOT NULL,
  `batch` int(11) NOT NULL
) ENGINE=InnoDB DEFAULT CHARSET=utf8 COLLATE=utf8_unicode_ci;
/*!40101 SET character_set_client = @saved_cs_client */;

--
-- Dumping data for table `migrations`
--

LOCK TABLES `migrations` WRITE;
/*!40000 ALTER TABLE `migrations` DISABLE KEYS */;
/*!40000 ALTER TABLE `migrations` ENABLE KEYS */;
UNLOCK TABLES;

--
-- Table structure for table `products`
--

DROP TABLE IF EXISTS `products`;
/*!40101 SET @saved_cs_client     = @@character_set_client */;
/*!40101 SET character_set_client = utf8 */;
CREATE TABLE `products` (
  `id` int(11) NOT NULL AUTO_INCREMENT,
  `god_id` int(11) NOT NULL,
  `category` enum('seed','fertilizer','land') NOT NULL,
  `being_funded` tinyint(4) NOT NULL DEFAULT '1',
  `ET` int(11) NOT NULL DEFAULT '0',
  `FT` int(11) NOT NULL DEFAULT '0',
  `quality` int(11) NOT NULL,
  `description` varchar(400) DEFAULT NULL,
  `name` varchar(45) DEFAULT NULL,
  `bid_price` float(11,4) DEFAULT NULL,
  `total_cost` float(11,4) DEFAULT NULL,
  `unit_price` float(11,4) NOT NULL,
  `avl_units` int(11) NOT NULL,
  `total_shares` int(11) DEFAULT NULL,
  `avl_shares` int(11) DEFAULT NULL,
  `launched_at` int(11) DEFAULT NULL,
  `created_at` timestamp NULL DEFAULT CURRENT_TIMESTAMP,
  `updated_at` timestamp NULL DEFAULT CURRENT_TIMESTAMP,
  `deleted_at` timestamp NULL DEFAULT NULL,
  PRIMARY KEY (`id`)
) ENGINE=InnoDB AUTO_INCREMENT=108 DEFAULT CHARSET=latin1;
/*!40101 SET character_set_client = @saved_cs_client */;

--
-- Dumping data for table `products`
--

LOCK TABLES `products` WRITE;
/*!40000 ALTER TABLE `products` DISABLE KEYS */;
INSERT INTO `products` VALUES (1,1,'land',-1,5,5,50,'desc','prod',0.0000,350000.0000,7000.0000,100,50,0,1504103155,'2017-08-30 10:13:41','2017-08-30 14:25:55',NULL),(2,1,'land',-1,5,5,50,'desc','prod',0.0000,350000.0000,7000.0000,100,50,0,1504103155,'2017-08-30 10:13:41','2017-08-30 14:25:55',NULL),(3,1,'land',-1,5,5,50,'desc','prod',106.1416,350000.0000,7000.0000,100,50,0,1504103155,'2017-08-30 10:13:41','2017-08-30 14:25:55',NULL),(4,1,'land',-1,5,5,50,'desc','prod',91.1498,350000.0000,7000.0000,100,50,0,1504103155,'2017-08-30 10:13:41','2017-08-30 14:25:55',NULL),(5,1,'land',-1,5,5,50,'desc','prod',0.0000,350000.0000,7000.0000,100,50,0,1504103155,'2017-08-30 10:13:41','2017-08-30 14:25:55',NULL),(6,1,'land',-1,5,5,50,'desc','prod',0.0000,350000.0000,7000.0000,100,50,0,1504103155,'2017-08-30 10:13:41','2017-08-30 14:25:55',NULL),(7,1,'land',-1,5,5,50,'desc','prod',0.0000,350000.0000,7000.0000,100,50,0,1504103155,'2017-08-30 10:13:41','2017-08-30 14:25:55',NULL),(8,1,'land',-1,5,5,50,'desc','prod',0.0000,350000.0000,7000.0000,100,50,0,1504103155,'2017-08-30 10:13:41','2017-08-30 14:25:55',NULL),(9,1,'land',-1,5,5,50,'desc','prod',0.0000,350000.0000,7000.0000,100,50,0,1504103155,'2017-08-30 10:13:41','2017-08-30 14:25:55',NULL),(10,1,'land',-1,5,5,50,'desc','prod',0.0000,350000.0000,7000.0000,100,50,0,1504103155,'2017-08-30 10:13:42','2017-08-30 14:25:55',NULL),(11,1,'land',-1,5,5,50,'desc','prod',0.0000,350000.0000,7000.0000,100,50,0,1504103155,'2017-08-30 10:13:42','2017-08-30 14:25:55',NULL),(12,1,'land',-1,5,5,50,'Pls buy it best quality','BestSeeds Inc.',0.0000,350000.0000,7000.0000,100,50,0,1504103155,'2017-08-30 10:13:42','2017-08-30 14:25:55',NULL),(13,1,'land',-1,5,5,50,'Pls buy it best quality','BestSeeds Inc.',0.0000,350000.0000,7000.0000,100,50,0,1504103155,'2017-08-30 10:13:42','2017-08-30 14:25:55',NULL),(14,1,'land',-1,5,5,50,'Pls buy it best quality','BestSeeds Inc.',0.0000,350000.0000,7000.0000,100,50,0,1504103155,'2017-08-30 10:13:42','2017-08-30 14:25:55',NULL),(15,1,'land',-1,5,5,50,'Pls buy it best quality','BestSeeds Inc.',0.0000,350000.0000,7000.0000,100,50,0,1504103155,'2017-08-30 10:13:42','2017-08-30 14:25:55',NULL),(16,1,'land',-1,5,5,50,'Pls buy it best quality','BestSeeds Inc.',0.0000,350000.0000,7000.0000,100,50,0,1504103155,'2017-08-30 10:13:42','2017-08-30 14:25:55',NULL),(17,1,'land',-1,5,5,50,'Pls buy it best quality','BestSeeds Inc.',0.0000,350000.0000,7000.0000,100,50,0,1504103155,'2017-08-30 10:13:42','2017-08-30 14:25:55',NULL),(18,1,'land',-1,5,5,50,'Pls buy it best quality','BestSeeds Inc.',0.0000,350000.0000,7000.0000,100,50,0,1504103155,'2017-08-30 10:13:42','2017-08-30 14:25:55',NULL),(19,1,'land',-1,5,5,50,'Pls buy it best quality','BestSeeds Inc.',0.0000,350000.0000,7000.0000,100,50,0,1504103155,'2017-08-30 10:13:42','2017-08-30 14:25:55',NULL),(20,1,'land',-1,5,5,50,'Pls buy it best quality','BestSeeds Inc.',0.0000,350000.0000,7000.0000,100,50,0,1504103155,'2017-08-30 10:13:42','2017-08-30 14:25:55',NULL),(21,1,'land',-1,5,5,50,'Pls buy it best quality','BestSeeds Inc.',0.0000,350000.0000,7000.0000,100,50,0,1504103155,'2017-08-30 10:13:42','2017-08-30 14:25:55',NULL),(22,1,'land',-1,5,5,50,'Pls buy it best quality','BestSeeds Inc.',0.0000,350000.0000,7000.0000,100,50,0,1504103155,'2017-08-30 10:13:42','2017-08-30 14:25:55',NULL),(23,1,'land',-1,5,5,50,'Pls buy it best quality','BestSeeds Inc.',0.0000,350000.0000,7000.0000,100,50,0,1504103155,'2017-08-30 10:13:42','2017-08-30 14:25:55',NULL),(24,1,'land',-1,5,5,50,'Pls buy it best quality','BestSeeds Inc.',0.0000,350000.0000,7000.0000,100,50,0,1504103155,'2017-08-30 10:13:42','2017-08-30 14:25:55',NULL),(25,1,'land',-1,5,5,50,'Pls buy it best quality','BestSeeds Inc.',0.0000,350000.0000,7000.0000,100,50,0,1504103155,'2017-08-30 10:13:43','2017-08-30 14:25:55',NULL),(26,1,'land',-1,5,5,50,'Pls buy it best quality','BestSeeds Inc.',0.0000,350000.0000,7000.0000,100,50,0,1504103155,'2017-08-30 10:13:43','2017-08-30 14:25:55',NULL),(27,1,'land',-1,5,5,50,'Pls buy it best quality','BestSeeds Inc.',0.0000,350000.0000,7000.0000,100,50,0,1504103155,'2017-08-30 10:13:43','2017-08-30 14:25:55',NULL),(28,1,'land',-1,5,5,50,'desc','prod',0.0000,350000.0000,7000.0000,100,50,0,1504103155,'2017-08-30 10:13:43','2017-08-30 14:25:55',NULL),(29,1,'land',-1,5,5,50,'desc','prod',0.0000,350000.0000,7000.0000,100,50,0,1504103155,'2017-08-30 10:13:43','2017-08-30 14:25:55',NULL),(30,1,'land',-1,5,5,50,'desc','prod',0.0000,350000.0000,7000.0000,1,50,0,1504103155,'2017-08-30 10:13:43','2017-08-30 14:25:55',NULL),(31,1,'land',-1,5,5,50,'desc','prod',0.0000,350000.0000,7000.0000,100,50,0,1504103155,'2017-08-30 10:13:43','2017-08-30 14:25:55',NULL),(32,1,'land',-1,5,5,50,'fthg','sdfgs',0.0000,350000.0000,7000.0000,5,50,0,1504103155,'2017-08-30 10:13:44','2017-08-30 14:25:55',NULL),(33,1,'land',-1,5,5,50,'desc','prod',0.0000,350000.0000,7000.0000,100,50,0,1504103155,'2017-08-30 10:13:44','2017-08-30 14:25:55',NULL),(34,1,'land',-1,5,5,50,'desc','prod',0.0000,350000.0000,7000.0000,1,50,0,1504103155,'2017-08-30 10:13:44','2017-08-30 14:25:55',NULL),(35,1,'land',-1,5,5,50,'desc','prod',0.0000,350000.0000,7000.0000,100,50,0,1504103155,'2017-08-30 10:13:44','2017-08-30 14:25:55',NULL),(36,1,'land',-1,5,5,50,'desc','prod',0.0000,350000.0000,7000.0000,1,50,0,1504103155,'2017-08-30 10:13:44','2017-08-30 14:25:55',NULL),(37,1,'land',-1,5,5,50,'desc','prod',0.0000,350000.0000,7000.0000,100,50,0,1504103155,'2017-08-30 10:13:44','2017-08-30 14:25:55',NULL),(38,1,'land',-1,5,5,50,'desc','prod',0.0000,350000.0000,7000.0000,100,50,0,1504103155,'2017-08-30 10:13:44','2017-08-30 14:25:55',NULL),(39,1,'land',-1,5,5,50,'desc','prod',0.0000,350000.0000,7000.0000,100,50,0,1504103155,'2017-08-30 10:13:44','2017-08-30 14:25:55',NULL),(40,1,'land',-1,5,5,50,'desc','prod',0.0000,350000.0000,7000.0000,100,50,0,1504103155,'2017-08-30 10:13:44','2017-08-30 14:25:55',NULL),(41,1,'land',-1,5,5,50,'desc','prod',0.0000,350000.0000,7000.0000,1,50,0,1504103155,'2017-08-30 10:13:44','2017-08-30 14:25:55',NULL),(42,1,'land',-1,5,5,50,'desc','prod',0.0000,350000.0000,7000.0000,1,50,0,1504103155,'2017-08-30 10:13:44','2017-08-30 14:25:55',NULL),(43,1,'land',-1,5,5,50,'desc','prod',0.0000,350000.0000,7000.0000,100,50,0,1504103155,'2017-08-30 10:13:44','2017-08-30 14:25:55',NULL),(44,1,'land',-1,5,5,50,'desc','prod',0.0000,350000.0000,7000.0000,1,50,0,1504103155,'2017-08-30 10:13:44','2017-08-30 14:25:55',NULL),(45,1,'land',-1,5,5,50,'desc','prod',0.0000,350000.0000,7000.0000,1,50,0,1504103155,'2017-08-30 10:13:44','2017-08-30 14:25:55',NULL),(46,1,'land',-1,5,5,50,'desc','prod',0.0000,350000.0000,7000.0000,1,50,0,1504103155,'2017-08-30 10:13:44','2017-08-30 14:25:55',NULL),(47,1,'land',-1,5,5,50,'desc','prod',0.0000,350000.0000,7000.0000,1,50,0,1504103155,'2017-08-30 10:13:45','2017-08-30 14:25:55',NULL),(48,1,'land',-1,5,5,50,'desc','prod',0.0000,350000.0000,7000.0000,1,50,0,1504103155,'2017-08-30 10:13:45','2017-08-30 14:25:55',NULL),(49,1,'land',-1,5,5,50,'desc','prod',0.0000,350000.0000,7000.0000,100,50,0,1504103155,'2017-08-30 10:13:45','2017-08-30 14:25:55',NULL),(50,1,'land',-1,5,5,50,'desc','prod',0.0000,350000.0000,7000.0000,100,50,0,1504103155,'2017-08-30 10:13:45','2017-08-30 14:25:55',NULL),(51,1,'land',-1,5,5,50,'desc','prod',0.0000,350000.0000,7000.0000,100,50,0,1504103155,'2017-08-30 10:13:45','2017-08-30 14:25:55',NULL),(52,1,'land',-1,5,5,50,'desc','prod',0.0000,350000.0000,7000.0000,100,50,0,1504103155,'2017-08-30 10:13:45','2017-08-30 14:25:55',NULL),(53,1,'land',-1,5,5,50,'desc','prod',0.0000,350000.0000,7000.0000,100,50,0,1504103155,'2017-08-30 10:13:45','2017-08-30 14:25:55',NULL),(54,1,'land',-1,5,5,50,'desc','prod',109.5401,350000.0000,7000.0000,100,50,0,1504103155,'2017-08-30 10:13:45','2017-08-30 14:25:55',NULL),(55,1,'land',-1,5,5,50,'Land Is the best palce','Best Land ',31.4636,350000.0000,7000.0000,79,50,0,1504103155,'2017-08-30 10:13:45','2017-08-30 14:25:55',NULL),(56,1,'land',-1,5,5,50,'desc','prod',0.0000,350000.0000,7000.0000,1,50,0,1504103155,'2017-08-30 10:13:45','2017-08-30 14:25:55',NULL),(57,1,'land',-1,5,5,50,'desc','prod',0.0000,350000.0000,7000.0000,1,50,0,1504103155,'2017-08-30 10:13:45','2017-08-30 14:25:55',NULL),(58,1,'land',-1,5,5,50,'desc','prod',0.0000,350000.0000,7000.0000,1,50,0,1504103155,'2017-08-30 10:13:45','2017-08-30 14:25:55',NULL),(59,1,'land',-1,5,5,50,'desc','prod',0.0000,350000.0000,7000.0000,1,50,0,1504103155,'2017-08-30 10:13:46','2017-08-30 14:25:55',NULL),(60,1,'land',-1,5,5,50,'desc','prod',268.3044,350000.0000,7000.0000,10,50,0,1504103155,'2017-08-30 10:13:46','2017-08-30 14:25:55',NULL),(61,1,'land',-1,5,5,50,'desc','prod',1114.7490,350000.0000,7000.0000,1,50,0,1504103155,'2017-08-30 10:13:46','2017-08-30 14:25:55',NULL),(62,1,'land',-1,5,5,50,'desc','prod',0.0000,350000.0000,7000.0000,100,50,0,1504103155,'2017-08-30 10:13:46','2017-08-30 14:25:55',NULL),(63,1,'land',-1,5,5,50,'desc','prod',0.0000,350000.0000,7000.0000,100,50,0,1504103155,'2017-08-30 10:13:46','2017-08-30 14:25:55',NULL),(64,1,'land',-1,5,5,50,'desc','prod',264.5000,350000.0000,7000.0000,80,50,0,1504103155,'2017-08-30 10:13:46','2017-08-30 14:25:55',NULL),(65,1,'land',-1,5,5,50,'desc','prod',1915.0369,350000.0000,7000.0000,10,50,0,1504103155,'2017-08-30 10:12:34','2017-08-30 14:25:55',NULL),(66,1,'land',-1,5,5,50,'desc','prod',362.0420,350000.0000,7000.0000,10,50,0,1504103155,'2017-08-30 10:13:37','2017-08-30 14:25:55',NULL),(67,1,'land',-1,5,5,50,'desc','prod',333.1035,350000.0000,7000.0000,100,50,0,1504103155,'2017-08-30 10:15:42','2017-08-30 14:25:55',NULL),(68,1,'land',0,60,60,100,'Best Quality Maal','Original Lands',5529.1602,564200.0000,5642.0000,100,50,50,NULL,'2017-08-30 15:06:34','2017-08-30 20:15:44',NULL),(69,1,'seed',0,30,30,10,'','prod',129.6050,13225.0000,132.2500,100,50,50,NULL,'2017-08-30 15:07:35','2017-08-30 20:15:44',NULL),(70,1,'seed',0,30,30,10,'desc','prod',129.6050,13225.0000,132.2500,100,50,50,NULL,'2017-08-30 15:11:13','2017-08-30 20:15:44',NULL),(71,1,'seed',0,30,30,10,'asdas','prod',129.6050,13225.0000,132.2500,100,50,50,NULL,'2017-08-30 15:11:30','2017-08-30 20:15:44',NULL),(72,1,'seed',0,30,30,10,'','prod',129.6050,13225.0000,132.2500,100,50,50,NULL,'2017-08-30 15:12:35','2017-08-30 20:15:44',NULL),(73,1,'seed',0,30,30,10,'','prod',129.6050,13225.0000,132.2500,100,50,50,NULL,'2017-08-30 15:12:36','2017-08-30 20:15:44',NULL),(74,1,'seed',0,30,30,10,'','prod',129.6050,13225.0000,132.2500,100,50,50,NULL,'2017-08-30 15:21:42','2017-08-30 20:15:44',NULL),(75,1,'seed',0,30,30,10,'desc ','prod',129.6050,13225.0000,132.2500,100,50,50,NULL,'2017-08-30 15:22:19','2017-08-30 20:15:44',NULL),(76,1,'seed',0,30,30,10,'desc ','prod',129.6050,13225.0000,132.2500,100,50,50,NULL,'2017-08-30 15:22:21','2017-08-30 20:15:44',NULL),(77,1,'seed',0,30,30,10,'desc ','prod',129.6050,13225.0000,132.2500,100,50,50,NULL,'2017-08-30 15:22:28','2017-08-30 20:15:44',NULL),(78,1,'seed',0,30,30,10,'desc ','prod',129.6050,13225.0000,132.2500,100,50,50,NULL,'2017-08-30 15:22:38','2017-08-30 20:15:44',NULL),(79,1,'seed',0,30,30,10,'desckjkjkh','prod',129.6050,13225.0000,132.2500,100,50,50,NULL,'2017-08-30 15:24:59','2017-08-30 20:15:44',NULL),(80,1,'seed',0,30,30,10,'desckjkjkh','prod',129.6050,13225.0000,132.2500,100,50,50,NULL,'2017-08-30 15:25:02','2017-08-30 20:15:44',NULL),(81,1,'seed',0,30,30,10,'desc','prod',129.6050,13225.0000,132.2500,100,50,50,NULL,'2017-08-30 15:25:14','2017-08-30 20:15:44',NULL),(82,4,'land',0,30,30,10,'No Need','My Land',1851.0754,185150.0000,1851.5000,100,50,40,NULL,'2017-08-30 20:15:04','2017-08-31 00:09:25',NULL),(83,4,'seed',0,30,30,10,'desc','prod',166.2105,13225.0000,132.2500,100,50,40,NULL,'2017-08-30 20:15:12','2017-08-31 00:09:25',NULL),(84,4,'fertilizer',0,30,30,10,'desc','MyFerts',548.0530,52900.0000,529.0000,100,50,40,NULL,'2017-08-30 20:15:36','2017-08-31 00:09:25',NULL),(85,4,'seed',0,30,30,10,'desc','prod',129.6050,13225.0000,132.2500,100,50,50,NULL,'2017-08-30 22:04:49','2017-08-31 00:09:25',NULL),(86,4,'seed',0,5,2,10,'desc','prod',19.6000,2000.0000,20.0000,100,50,50,NULL,'2017-08-30 23:11:02','2017-08-31 00:09:24',NULL),(87,4,'seed',0,5,2,10,'desc','prod',19.6000,2000.0000,20.0000,100,50,50,NULL,'2017-08-30 23:11:02','2017-08-31 00:09:24',NULL),(88,4,'seed',0,5,2,10,'desc','prod',19.6000,2000.0000,20.0000,100,50,50,NULL,'2017-08-30 23:11:02','2017-08-31 00:09:24',NULL),(89,4,'seed',0,5,2,10,'desc','prod',19.6000,2000.0000,20.0000,100,50,50,NULL,'2017-08-30 23:11:03','2017-08-31 00:09:24',NULL),(90,4,'seed',0,5,2,10,'desc','prod',19.6000,2000.0000,20.0000,100,50,50,NULL,'2017-08-30 23:11:03','2017-08-31 00:09:24',NULL),(91,4,'seed',0,5,2,10,'desc','prod',19.6000,2000.0000,20.0000,100,50,50,NULL,'2017-08-30 23:11:04','2017-08-31 00:09:24',NULL),(92,4,'seed',0,5,2,10,'desc','prod',19.6000,2000.0000,20.0000,100,50,50,NULL,'2017-08-30 23:11:04','2017-08-31 00:09:24',NULL),(93,4,'seed',0,5,2,10,'desc','prod',19.6000,2000.0000,20.0000,100,50,50,NULL,'2017-08-30 23:11:05','2017-08-31 00:09:24',NULL),(94,4,'seed',0,5,2,10,'desc','prod',19.6000,2000.0000,20.0000,100,50,50,NULL,'2017-08-30 23:11:06','2017-08-31 00:09:24',NULL),(95,4,'seed',0,5,2,10,'desc','prod',19.6000,2000.0000,20.0000,100,50,50,NULL,'2017-08-30 23:11:06','2017-08-31 00:09:24',NULL),(96,4,'seed',0,30,30,10,'desc','prod',129.6050,13225.0000,132.2500,100,50,50,NULL,'2017-08-30 23:29:35','2017-08-31 00:09:24',NULL),(97,4,'seed',0,30,30,10,'desc','prod',129.6050,13225.0000,132.2500,100,50,50,NULL,'2017-08-30 23:31:53','2017-08-31 00:09:24',NULL),(98,4,'seed',0,30,30,10,'desc','prod',129.6050,13225.0000,132.2500,100,50,50,NULL,'2017-08-30 23:32:20','2017-08-31 00:09:24',NULL),(99,4,'seed',0,30,30,10,'desc','prod',129.6050,13225.0000,132.2500,100,50,50,NULL,'2017-08-30 23:35:18','2017-08-31 00:09:24',NULL),(100,1,'seed',0,30,30,10,'desc','prod',129.6050,13225.0000,132.2500,100,50,50,NULL,'2017-08-30 23:37:39','2017-08-31 00:09:24',NULL),(101,1,'seed',0,30,30,10,'desc','prod',129.6050,13225.0000,132.2500,100,50,50,NULL,'2017-08-30 23:39:35','2017-08-31 00:09:52',NULL),(102,1,'seed',1,30,30,10,'desc','prod',129.6050,13225.0000,132.2500,100,50,0,NULL,'2017-08-30 23:41:20','2017-08-31 00:11:10',NULL),(103,1,'seed',1,30,30,10,'desc','prod',129.6050,13225.0000,132.2500,100,50,0,NULL,'2017-08-30 23:42:07','2017-08-31 00:10:59',NULL),(104,1,'seed',1,30,30,10,'desc','prod',129.6050,13225.0000,132.2500,100,50,0,NULL,'2017-08-30 23:42:34','2017-08-31 00:10:50',NULL),(105,1,'seed',1,30,30,10,'desc','prod',129.6050,13225.0000,132.2500,100,50,0,NULL,'2017-08-30 23:45:05','2017-08-31 00:10:39',NULL),(106,1,'seed',1,30,30,10,'desc','prod',129.6050,13225.0000,132.2500,100,50,0,NULL,'2017-08-30 23:45:37','2017-08-31 00:10:31',NULL),(107,1,'seed',1,30,30,10,'desc','prod',129.6050,13225.0000,132.2500,100,50,0,NULL,'2017-08-30 23:45:41','2017-08-31 00:10:00',NULL);
/*!40000 ALTER TABLE `products` ENABLE KEYS */;
UNLOCK TABLES;

--
-- Table structure for table `purchases`
--

DROP TABLE IF EXISTS `purchases`;
/*!40101 SET @saved_cs_client     = @@character_set_client */;
/*!40101 SET character_set_client = utf8 */;
CREATE TABLE `purchases` (
  `id` int(11) NOT NULL AUTO_INCREMENT,
  `farmer_id` int(11) DEFAULT NULL,
  `product_id` int(11) DEFAULT NULL,
  `num_units` int(11) DEFAULT NULL,
  `created_at` timestamp NOT NULL DEFAULT CURRENT_TIMESTAMP ON UPDATE CURRENT_TIMESTAMP,
  `updated_at` timestamp NOT NULL DEFAULT '0000-00-00 00:00:00',
  `buy_price` int(11) DEFAULT '1800',
  `avl_units` int(11) NOT NULL DEFAULT '2',
  PRIMARY KEY (`id`)
) ENGINE=InnoDB AUTO_INCREMENT=67 DEFAULT CHARSET=latin1;
/*!40101 SET character_set_client = @saved_cs_client */;

--
-- Dumping data for table `purchases`
--

LOCK TABLES `purchases` WRITE;
/*!40000 ALTER TABLE `purchases` DISABLE KEYS */;
INSERT INTO `purchases` VALUES (1,56,55,25,'2016-09-09 19:00:47','2017-08-07 19:00:47',25,25),(2,162,55,10,'2017-08-30 14:26:15','2017-08-30 14:26:15',200,9),(3,162,55,1,'2017-08-30 13:15:15','2017-08-30 13:15:15',200,1),(4,162,64,10,'2017-08-30 13:15:17','2017-08-30 13:15:17',132,10),(5,162,64,10,'2017-08-30 13:15:19','2017-08-30 13:15:19',132,10),(6,162,55,10,'2017-08-30 13:16:27','2017-08-30 13:16:27',200,10),(37,137,1,1,'2017-08-30 18:08:17','2017-08-30 18:08:17',0,1),(38,138,1,1,'2017-08-30 18:08:17','2017-08-30 18:08:17',0,1),(39,139,1,1,'2017-08-30 18:08:17','2017-08-30 18:08:17',0,1),(40,140,1,1,'2017-08-30 18:08:18','2017-08-30 18:08:18',0,1),(41,141,1,1,'2017-08-30 18:08:18','2017-08-30 18:08:18',0,1),(42,142,1,1,'2017-08-30 18:08:18','2017-08-30 18:08:18',0,1),(43,143,1,1,'2017-08-30 18:08:18','2017-08-30 18:08:18',0,1),(44,144,1,1,'2017-08-30 18:08:18','2017-08-30 18:08:18',0,1),(45,145,1,1,'2017-08-30 18:08:18','2017-08-30 18:08:18',0,1),(46,146,1,1,'2017-08-30 18:08:18','2017-08-30 18:08:18',0,1),(47,147,1,1,'2017-08-30 18:08:19','2017-08-30 18:08:19',0,1),(48,148,1,1,'2017-08-30 18:08:19','2017-08-30 18:08:19',0,1),(49,149,1,1,'2017-08-30 18:08:19','2017-08-30 18:08:19',0,1),(50,150,1,1,'2017-08-30 18:08:19','2017-08-30 18:08:19',0,1),(51,151,1,1,'2017-08-30 18:08:19','2017-08-30 18:08:19',0,1),(52,152,1,1,'2017-08-30 18:08:19','2017-08-30 18:08:19',0,1),(53,153,1,1,'2017-08-30 18:08:19','2017-08-30 18:08:19',0,1),(54,154,1,1,'2017-08-30 18:08:19','2017-08-30 18:08:19',0,1),(55,155,1,1,'2017-08-30 18:08:19','2017-08-30 18:08:19',0,1),(56,156,1,1,'2017-08-30 18:08:19','2017-08-30 18:08:19',0,1),(57,157,1,1,'2017-08-30 18:08:19','2017-08-30 18:08:19',0,1),(58,158,1,1,'2017-08-30 18:08:19','2017-08-30 18:08:19',0,1),(59,159,1,1,'2017-08-30 18:08:19','2017-08-30 18:08:19',0,1),(60,160,1,1,'2017-08-30 18:08:20','2017-08-30 18:08:20',0,1),(61,161,1,1,'2017-08-30 18:08:20','2017-08-30 18:08:20',0,1),(62,162,1,1,'2017-08-30 18:08:20','2017-08-30 18:08:20',0,1),(63,163,1,1,'2017-08-30 18:08:20','2017-08-30 18:08:20',0,1),(64,164,1,1,'2017-08-30 18:08:20','2017-08-30 18:08:20',0,1),(65,165,1,1,'2017-08-30 18:08:20','2017-08-30 18:08:20',0,1),(66,166,1,1,'2017-08-30 18:08:20','2017-08-30 18:08:20',0,1);
/*!40000 ALTER TABLE `purchases` ENABLE KEYS */;
UNLOCK TABLES;

--
-- Table structure for table `users`
--

DROP TABLE IF EXISTS `users`;
/*!40101 SET @saved_cs_client     = @@character_set_client */;
/*!40101 SET character_set_client = utf8 */;
CREATE TABLE `users` (
  `id` int(11) NOT NULL AUTO_INCREMENT,
  `username` varchar(45) DEFAULT NULL,
  `password` varchar(200) DEFAULT NULL,
  `category` enum('farmer','investor','god') NOT NULL,
  `created_at` timestamp NULL DEFAULT NULL,
  `updated_at` timestamp NOT NULL DEFAULT CURRENT_TIMESTAMP,
  `remember_token` varchar(100) DEFAULT NULL,
  `prev_time` int(11) DEFAULT NULL,
  `le` int(11) NOT NULL DEFAULT '500000',
  `stored_LE` int(11) DEFAULT NULL,
  `highest_LE` int(11) NOT NULL DEFAULT '500000',
  `is_moderator` int(4) DEFAULT '0',
  `prev_LE` int(11) NOT NULL DEFAULT '0',
  `LE_diff` int(11) NOT NULL DEFAULT '0',
  `prev_LE_time` int(11) DEFAULT NULL,
  `change_percent` int(11) DEFAULT '0',
  PRIMARY KEY (`id`)
) ENGINE=InnoDB AUTO_INCREMENT=62 DEFAULT CHARSET=latin1;
/*!40101 SET character_set_client = @saved_cs_client */;

--
-- Dumping data for table `users`
--

LOCK TABLES `users` WRITE;
/*!40000 ALTER TABLE `users` DISABLE KEYS */;
INSERT INTO `users` VALUES (32,'user1','$2y$10$DP16.wLUocdLp7NafO9XiuGst3EnFGz4sdifp525Rgj0hMr.TckIm','god','2016-09-09 19:00:46','2017-08-31 00:33:04',NULL,1504139584,1288,100000,1000000,1,1288,0,1504139584,0),(33,'user2','$2y$10$kO5OkVRiryHj1CmOf0qyi.iWKDYMqsbPDW8uChE3Qranw0ii0C3h2','god','2016-09-09 19:00:46','2017-08-31 00:18:38',NULL,1504138716,1000000,100000,500000,1,0,0,1504138716,0),(34,'user3','$2y$10$5rLTCcdwD578I8tuJHcqB.3qU3vjKdzfl7A8We8YSX7FV/JgFpmem','god','2016-09-09 19:00:46','2017-08-31 00:18:36','yfXCKblUYBH0cIo7EwKqVMzg3lId9buFDjEM4NPKLAYxKtOqCIfGdWsYmn9h',1504138716,1000000,100000,1000000,0,986645,984010,1504138716,37344),(35,'user4','$2y$10$Ov473Vdj3lWTtzrAlcKCOeyMxzIlIhJtPgxA.s.R2.J8qNCqoBCYu','god','2016-09-09 19:00:46','2017-08-31 00:18:36','0u4SiX4Cj0E8a115xwcRJl0XHAnHKDyYSrGAd66paRlEuHnRGbxHtFEMSfAa',1504138716,1000000,100000,500000,0,0,0,1504138716,0),(36,'user5','$2y$10$giJ6HSWeG8jYfCDBbxm3UOOzEdGhsOVE1.yBAUCFun6gQMgIxW94S','god','2016-09-09 19:00:46','2017-08-31 00:18:36',NULL,1504138716,1000000,100000,500000,0,0,0,1504138716,0),(37,'user6','$2y$10$RTbpoyk5WwAc87ncKGC09e22dntkqHxEdESeRWaL.ZhmGgmgn.f2.','investor','2016-09-09 19:00:46','2017-08-31 00:33:04','bVsLC11gqqTGn38WdMXp7300I39vtFqeawGc5ZnVpZT9rJsNbypagr9Z0eu4',1504139584,318674,50000,500000,1,318877,-203,1504139584,0),(38,'user7','$2y$10$2BTjwiHJF6b8GwTUnnwZi.sN3EGSWvk5LB1.XWUC.CoFPEqILo50K','investor','2016-09-09 19:00:46','2017-08-31 00:18:38',NULL,1504138716,500000,50000,500000,1,0,0,1504138716,0),(39,'user8','$2y$10$HK0bMf.w7YFWAk22yQQNX.TByN1zyrDykcRLDTYAxEOFl28oCKOje','investor','2016-09-09 19:00:46','2017-08-31 00:18:36','aJy8yhX9cGJsbGJZIhqJCEwruuCzPQU7CHtmGv2TwhAw1ks4iAeMjYctiEC4',1504138716,500000,50000,500000,0,0,0,1504138716,0),(40,'user9','$2y$10$XbRaUc6Uar9Ul3dXdRINH.Ip3pDB9vRXv7MhwcHOvyhK473M6.ccO','investor','2016-09-09 19:00:46','2017-08-31 00:18:36',NULL,1504138716,500000,50000,500000,0,0,0,1504138716,0),(41,'user10','$2y$10$jRDbEAZeN6HcMITp9q5h5.vy8umZKy40ZkdbCW9F3ai6EHe6zpCvm','investor','2016-09-09 19:00:46','2017-08-31 00:18:36',NULL,1504138716,500000,50000,500000,0,0,0,1504138716,0),(42,'user11','$2y$10$G1/Zny3tqY/ZaA0RzbsFteX1aw32oLJfl0OYUCuA1jnH7Iflj4vlq','investor','2016-09-09 19:02:24','2017-08-31 00:18:36','YiXFir38Krzq8IGNsQi4Lue9zUtEVCWdxLwniq0NroQdoQ4D3g8jjE72Dpbi',1504138716,500000,50000,500000,0,261466,-219,1504138716,0),(43,'user12','$2y$10$Fjz6qNyJIGFXPKtyzjkv9.tz2ONtpy1HFGvQ8hkD7qzEtkcsa8qzm','investor','2016-09-09 19:00:46','2017-08-31 00:18:36',NULL,1504138716,500000,50000,500000,0,0,0,1504138716,0),(44,'user13','$2y$10$aL6iDpSqjO4mCZqbSjBBQ.3GIf/zbNmzWB7RoH/FgpGLdcsnDS3DC','investor','2016-09-09 19:00:46','2017-08-31 00:18:37',NULL,1504138716,500000,50000,500000,0,0,0,1504138717,0),(45,'user14','$2y$10$pnwvd5/XEN3Oj3rllsHqMetXmFmxks5sRZz8d4MAdLl1AsgmKoCGK','investor','2016-09-09 19:00:46','2017-08-31 00:18:37',NULL,1504138716,500000,50000,500000,0,0,0,1504138717,0),(46,'user15','$2y$10$Y0Pcni4B6KWiHyKc/c7PhunQwENacmrAxsV2mBXYZ7FxE.AjIzTBq','investor','2016-09-09 19:00:46','2017-08-31 00:18:37',NULL,1504138716,500000,50000,500000,0,0,0,1504138717,0),(47,'user16','$2y$10$98ygVupbLaSOOeRjV2js7uKQDMlXRGqsBVEqKUKTryLeuEtvbXxvW','investor','2016-09-09 19:00:47','2017-08-31 00:18:37',NULL,1504138716,500000,50000,500000,0,0,0,1504138717,0),(48,'user17','$2y$10$CTP4R3O7mObwNgaJYTVJX.QJBoEJIVYAvenJ3IitfaLNij7tyMAp2','investor','2016-09-09 19:00:47','2017-08-31 00:18:37',NULL,1504138716,500000,50000,500000,0,0,0,1504138717,0),(49,'user18','$2y$10$VmFgtLS/0pmxRG6/MEIMt.zDkHbJyOsznznBMJzmeNDH3mbWiODGa','investor','2016-09-09 19:00:47','2017-08-31 00:18:37',NULL,1504138716,500000,50000,500000,0,0,0,1504138717,0),(50,'user19','$2y$10$XGoC6OvSQ0EEfayR5t9EM.uHJ4598pLOWj1GvSChVt4uG1lymev/W','investor','2016-09-09 19:00:47','2017-08-31 00:18:37',NULL,1504138716,500000,50000,500000,0,0,0,1504138717,0),(51,'user20','$2y$10$qiaMg2pL/IPkF..JwyNuhePp0CurWnJ8VDSByTAliry/3jOuAB9pS','investor','2016-09-09 19:00:47','2017-08-31 00:18:37',NULL,1504138716,500000,50000,500000,0,0,0,1504138717,0),(52,'user21','$2y$10$Y93QImuuRqKpZfpRmlq4UOEgk4axz5YDP6PPncHzOKBlPa5NzIPFe','investor','2016-09-09 19:00:47','2017-08-31 00:18:37',NULL,1504138716,500000,50000,500000,0,0,0,1504138717,0),(53,'user22','$2y$10$9vmhzoxP5e3xLyoAoQfpv./4T.pcpyl85iasZxb7XhllrrhN/8Kn2','farmer','2016-09-09 19:00:47','2017-08-31 00:18:38',NULL,1504138716,40000,4000,500000,1,0,0,1504138717,0),(54,'user23','$2y$10$hk4UVZTldgN1B73or/ZGXOHR.RX30vk7pEFJrwwAj3LOCammVGZb.','farmer','2016-09-09 19:00:47','2017-08-31 00:18:38',NULL,1504138716,40000,4000,500000,1,0,0,1504138717,0),(55,'user24','$2y$10$cIVAebQbTZbmrJ9m9PpvF.lGs4ggsOSoxYhNWZKGUrGvaLsPsaaK2','farmer','2016-09-09 19:00:47','2017-08-31 00:18:38',NULL,1504138716,40000,4000,500000,0,0,0,1504138718,0),(56,'user25','$2y$10$54ulL4/1KMEm1..0lGLKVe0X9oMrgIayDtwmBwqJY2OYfWwsAW.nq','farmer','2016-09-09 19:00:47','2017-08-31 00:18:38',NULL,1504138716,40000,4000,500000,0,0,0,1504138718,0),(57,'user26','$2y$10$T8t9HESEC2HRGAKIM3hgP.VbIv4LDmDa4E1zxrsJRB7v38020IqFi','farmer','2016-09-09 19:00:47','2017-08-31 00:18:38',NULL,1504138716,40000,4000,500000,0,0,0,1504138718,0),(58,'user27','$2y$10$Mka3KLSOGAmDmIXArbMjqev.ybXqV6j42tCu6BsSeBdqR7/g52Jbm','farmer','2016-09-09 19:00:47','2017-08-31 00:18:38',NULL,1504138716,40000,4000,500000,0,0,0,1504138718,0),(59,'user28','$2y$10$/YS4Gn1w16e.oc/TIhZIdeYq9l3ha.eVqDidWPMr9.1zC7Cx9f3q2','farmer','2016-09-09 19:00:47','2017-08-31 00:18:38',NULL,1504138716,40000,4000,500000,0,0,0,1504138718,0),(60,'user29','$2y$10$7vBLBsWwOE784PbEZM8OFOdrrezrGAX8/38xKVXk2O81leNlb6jlK','farmer','2016-09-09 19:00:47','2017-08-31 00:18:38',NULL,1504138716,40000,4000,500000,0,0,0,1504138718,0),(61,'user30','$2y$10$1S6YQnYiC8VZnXx4fRJoTu5ADCVlFvGXEjIkju3NXF6yObc1WCyxO','farmer','2016-09-09 19:00:47','2017-08-31 00:18:38',NULL,1504138716,40000,4000,500000,0,0,0,1504138718,0);
/*!40000 ALTER TABLE `users` ENABLE KEYS */;
UNLOCK TABLES;
/*!40103 SET TIME_ZONE=@OLD_TIME_ZONE */;

/*!40101 SET SQL_MODE=@OLD_SQL_MODE */;
/*!40014 SET FOREIGN_KEY_CHECKS=@OLD_FOREIGN_KEY_CHECKS */;
/*!40014 SET UNIQUE_CHECKS=@OLD_UNIQUE_CHECKS */;
/*!40101 SET CHARACTER_SET_CLIENT=@OLD_CHARACTER_SET_CLIENT */;
/*!40101 SET CHARACTER_SET_RESULTS=@OLD_CHARACTER_SET_RESULTS */;
/*!40101 SET COLLATION_CONNECTION=@OLD_COLLATION_CONNECTION */;
/*!40111 SET SQL_NOTES=@OLD_SQL_NOTES */;

-- Dump completed on 2017-08-31  6:03:05
